Date,Close (BNB),Close (BTC),Close (USDT),Close (ETH)
09-11-17,1.99077,7143.580078,1.00818,320.884003
10-11-17,1.79684,6618.140137,1.00601,299.252991
11-11-17,1.67047,6357.600098,1.00899,314.681
12-11-17,1.51969,5950.069824,1.01247,307.90799
13-11-17,1.68662,6559.490234,1.00935,316.716003
14-11-17,1.59258,6635.75,1.00683,337.631012
15-11-17,1.53045,7315.540039,1.00318,333.356995
16-11-17,1.57792,7871.689941,1.00212,330.924011
17-11-17,1.51036,7708.990234,1.00139,332.394012
18-11-17,1.67433,7790.149902,1.00231,347.612
19-11-17,1.61377,8036.490234,1.00244,354.385986
20-11-17,1.62445,8200.639648,1.00192,366.730011
21-11-17,1.57406,8071.259766,0.996047,360.401001
22-11-17,1.61175,8253.549805,1.00015,380.652008
23-11-17,1.5487,8038.77002,0.994631,410.165985
24-11-17,1.71771,8253.69043,1.00233,474.911011
25-11-17,1.87387,8790.919922,1.00541,466.276001
26-11-17,1.85313,9330.549805,1.00868,471.329987
27-11-17,1.94298,9818.349609,1.00129,480.355011
28-11-17,1.91711,10058.79981,1.00014,472.902008
29-11-17,1.75153,9888.610352,0.990606,427.52301
30-11-17,1.99697,10233.59961,1.0081,447.114014
01-12-17,2.07023,10975.59961,1.00978,466.540009
02-12-17,2.08416,11074.59961,0.999654,463.449005
03-12-17,2.22725,11323.2002,1.00066,465.852997
04-12-17,2.49168,11657.2002,1.00367,470.20401
05-12-17,2.5953,11916.7002,1.00197,463.281006
06-12-17,2.58769,14291.5,1.00991,428.588013
07-12-17,2.77995,17899.69922,1.03166,434.40799
08-12-17,2.83067,16569.40039,1.0176,456.031006
09-12-17,2.61043,15178.2002,1.01713,473.502014
10-12-17,2.48337,15455.40039,1.01775,441.721008
11-12-17,2.70665,16936.80078,1.01856,515.135986
12-12-17,2.68475,17415.40039,1.07788,651.43103
13-12-17,2.7781,16408.19922,1.02716,702.767029
14-12-17,3.15874,16564,1.00819,695.815979
15-12-17,3.99615,17706.90039,1.0161,684.447998
16-12-17,4.66465,19497.40039,1.00742,696.208984
17-12-17,5.75672,19140.80078,1.00924,719.974976
18-12-17,5.61585,19114.19922,1.01302,794.64502
19-12-17,5.79233,17776.69922,1.01068,826.822998
20-12-17,5.17621,16624.59961,1.00018,819.085999
21-12-17,5.18001,15802.90039,1.00921,821.062988
22-12-17,4.33615,13831.79981,1.01795,674.859985
23-12-17,4.83926,14699.2002,1.04526,719.387024
24-12-17,5.28568,13925.79981,1.02303,694.14801
25-12-17,6.56001,14026.59961,1.01113,765.833984
26-12-17,9.02942,16099.79981,1.00407,773.835999
27-12-17,10.107,15838.5,1.00366,762.84198
28-12-17,9.32141,14606.5,1.00659,737.02301
29-12-17,8.8076,14656.2002,1.00564,753.59198
30-12-17,7.84101,12952.2002,1.02135,717.257019
31-12-17,8.63558,14156.40039,1.01226,756.732971
01-01-18,8.41461,13657.2002,1.00728,772.640991
02-01-18,8.83777,14982.09961,1.0049,884.44397
03-01-18,9.53588,15201,1.01344,962.719971
04-01-18,9.21399,15599.2002,1.00253,980.921997
05-01-18,14.9172,17429.5,0.998634,997.719971
06-01-18,22.7598,17527,1.00899,1041.680054
07-01-18,18.656799,16477.59961,1.00157,1153.170044
08-01-18,18.2609,15170.09961,1.00932,1148.530029
09-01-18,17.4118,14595.40039,1.00599,1299.73999
10-01-18,17.3908,14973.29981,1.00128,1255.819946
11-01-18,21.0427,13405.79981,1.00171,1154.930054
12-01-18,22.316299,13980.59961,1.00608,1273.199951
13-01-18,22.1744,14360.2002,1.00202,1396.420044
14-01-18,20.7773,13772,1.01612,1366.77002
15-01-18,19.564699,13819.79981,1.00662,1291.920044
16-01-18,13.8919,11490.5,1.03415,1053.689941
17-01-18,14.2032,11188.59961,1.01453,1014.25
18-01-18,14.2804,11474.90039,1.02311,1036.280029
19-01-18,14.9406,11607.40039,1.00454,1039.099976
20-01-18,16.1903,12899.2002,1.00111,1155.150024
21-01-18,14.0683,11600.09961,0.999861,1049.579956
22-01-18,13.0146,10931.40039,1.00504,1003.26001
23-01-18,13.0935,10868.40039,1.00505,986.229004
24-01-18,13.6287,11359.40039,0.997484,1058.780029
25-01-18,13.2284,11259.40039,0.999595,1056.030029
26-01-18,13.2182,11171.40039,1.00414,1055.170044
27-01-18,13.253,11440.7002,0.993325,1107.069946
28-01-18,13.5402,11786.29981,0.98879,1246.01001
29-01-18,12.7645,11296.40039,0.995319,1182.359985
30-01-18,11.2507,10106.29981,0.986486,1071.130005
31-01-18,11.145,10221.09961,0.990274,1118.310059
01-02-18,9.51584,9170.540039,0.986939,1036.790039
02-02-18,9.65229,8830.75,0.990747,915.784973
03-02-18,9.74968,9174.910156,1.00131,964.018982
04-02-18,8.45864,8277.009766,1.01013,834.682007
05-02-18,6.70503,6955.27002,0.996308,697.950989
06-02-18,8.28885,7754,1.01009,793.122009
07-02-18,8.09501,7621.299805,1.0014,757.067993
08-02-18,8.5955,8265.589844,1.01891,817.807007
09-02-18,9.73046,8736.980469,1.00211,883.86499
10-02-18,9.25597,8621.900391,1.0037,860.414978
11-02-18,8.70491,8129.970215,0.999251,814.659973
12-02-18,9.32247,8926.570313,1.00009,868.70697
13-02-18,8.98678,8598.30957,1.0011,845.257996
14-02-18,10.4006,9494.629883,1.00077,923.560974
15-02-18,10.9311,10166.40039,1.00541,936.976013
16-02-18,11.2016,10233.90039,1.0021,944.210022
17-02-18,11.6893,11112.7002,1.0037,974.11499
18-02-18,10.7024,10551.79981,1.00519,923.921021
19-02-18,11.0757,11225.29981,1.00061,943.86499
20-02-18,9.90451,11403.7002,1.00061,895.370972
21-02-18,9.38079,10690.40039,1.00097,849.971008
22-02-18,8.90403,10005,1.00409,812.844971
23-02-18,9.69211,10301.09961,1.00157,864.189026
24-02-18,9.14191,9813.070313,1.00284,840.515015
25-02-18,9.3466,9664.730469,1.00034,844.809998
26-02-18,9.90232,10366.7002,0.999561,869.315002
27-02-18,10.6599,10725.59961,1.00052,878.265015
28-02-18,10.4382,10397.90039,0.998903,855.198975
01-03-18,10.5097,10951,1.00042,872.200012
02-03-18,10.2248,11086.40039,0.99973,856.853027
03-03-18,10.2179,11489.7002,1.00087,857.224976
04-03-18,10.3481,11512.59961,0.997612,866.677979
05-03-18,10.1105,11573.29981,0.998864,853.684021
06-03-18,9.38438,10779.90039,1.0005,816.950989
07-03-18,9.03488,9965.570313,1.00248,752.830994
08-03-18,8.31044,9395.009766,1.00591,704.596008
09-03-18,8.31307,9337.549805,1.00166,728.916016
10-03-18,7.67166,8866,1.00519,686.890015
11-03-18,8.27238,9578.629883,1.00384,723.338989
12-03-18,8.03927,9205.120117,1.00235,699.830994
13-03-18,10.1152,9194.849609,0.999843,690.827026
14-03-18,8.95921,8269.80957,1.00275,614.291016
15-03-18,9.09908,8300.860352,1.00128,611.304016
16-03-18,9.11132,8338.349609,0.998551,601.666016
17-03-18,8.98774,7916.879883,1.00162,552.778992
18-03-18,8.95185,8223.679688,1.00308,538.643982
19-03-18,8.99274,8630.650391,0.989867,556.726013
20-03-18,9.16093,8913.469727,0.996832,557.174988
21-03-18,9.982,8929.280273,0.999244,561.731995
22-03-18,10.0663,8728.469727,0.998982,539.702026
23-03-18,11.7376,8879.620117,0.990235,539.619019
24-03-18,13.0891,8668.120117,1.0091,526.439026
25-03-18,12.7831,8495.780273,0.999686,524.286987
26-03-18,12.0614,8209.400391,1.00341,489.950989
27-03-18,11.5083,7833.040039,1.00161,450.115997
28-03-18,11.6404,7954.47998,0.999204,446.278992
29-03-18,10.1961,7165.700195,0.998623,385.967987
30-03-18,10.3504,6890.52002,0.998943,394.644989
31-03-18,11.0559,6973.529785,1.00077,396.457001
01-04-18,11.0662,6844.22998,0.99981,379.606995
02-04-18,12.6207,7083.799805,1.00013,386.424988
03-04-18,13.3607,7456.109863,1.00037,416.893005
04-04-18,12.1904,6853.839844,1.00083,380.542999
05-04-18,12.4536,6811.470215,1.00253,383.231995
06-04-18,12.2584,6636.319824,1.00109,370.285004
07-04-18,12.4557,6911.089844,0.999644,385.313995
08-04-18,12.1176,7023.52002,0.996809,400.507996
09-04-18,11.8683,6770.72998,0.997555,398.526001
10-04-18,12.0362,6834.759766,0.997356,414.243011
11-04-18,12.2309,6968.319824,1.00025,430.540009
12-04-18,12.9525,7889.25,0.996831,492.94101
13-04-18,13.5368,7895.959961,0.998895,492.734985
14-04-18,13.2444,7986.240234,0.999766,501.477997
15-04-18,13.0588,8329.110352,0.998602,531.702026
16-04-18,12.21,8058.669922,0.997592,511.147003
17-04-18,11.7694,7902.089844,0.998556,502.894012
18-04-18,12.2757,8163.419922,0.997609,524.789001
19-04-18,12.3526,8294.30957,0.997185,567.888977
20-04-18,12.5752,8845.830078,0.998338,615.718018
21-04-18,13.3784,8895.580078,0.999014,605.39502
22-04-18,12.8759,8802.459961,0.996196,621.859985
23-04-18,13.6253,8930.879883,0.997847,642.547974
24-04-18,15.266,9697.5,1.00476,708.15802
25-04-18,13.2909,8845.740234,0.991809,615.416016
26-04-18,14.6536,9281.509766,0.999614,662.809021
27-04-18,14.3291,8987.049805,1.00415,647.031982
28-04-18,15.2001,9348.480469,0.999335,683.677979
29-04-18,15.0562,9419.080078,0.998016,688.880981
30-04-18,14.3121,9240.549805,0.998919,669.924011
01-05-18,14.1643,9119.009766,1.00349,673.612976
02-05-18,14.4092,9235.919922,0.997464,687.148987
03-05-18,14.6526,9743.860352,0.997973,779.54303
04-05-18,14.3295,9700.759766,0.998561,785.624023
05-05-18,14.3687,9858.150391,0.996284,816.119995
06-05-18,13.9426,9654.799805,0.997202,792.310974
07-05-18,13.7025,9373.009766,0.997237,753.724976
08-05-18,13.529,9234.820313,1.00212,752.856995
09-05-18,14.6602,9325.179688,1.00051,752.275024
10-05-18,13.8184,9043.94043,1.00134,727.276978
11-05-18,12.9939,8441.490234,1.00225,679.585999
12-05-18,12.9439,8504.889648,1.0011,686.047974
13-05-18,13.1187,8723.94043,1.00325,733.495972
14-05-18,12.8707,8716.790039,1.00127,730.549011
15-05-18,12.5678,8510.379883,1.00114,708.870972
16-05-18,12.2605,8368.830078,0.99995,707.049988
17-05-18,12.465,8094.319824,1.00019,672.656982
18-05-18,15.1354,8250.969727,1.00111,694.367004
19-05-18,14.2457,8247.179688,1.00036,696.530029
20-05-18,14.1178,8513.25,0.999117,715.369019
21-05-18,14.7223,8418.990234,1.00297,699.221985
22-05-18,13.9255,8041.779785,1.00297,647.741028
23-05-18,12.6262,7557.819824,1.00402,583.585022
24-05-18,13.0003,7587.339844,0.998818,601.755005
25-05-18,13.008,7480.140137,1.00044,586.734009
26-05-18,12.7591,7355.879883,0.99989,587.280029
27-05-18,12.6058,7368.220215,0.999182,572.66803
28-05-18,11.8943,7135.990234,1.00249,516.036011
29-05-18,12.5717,7472.589844,1.00068,565.388
30-05-18,12.5709,7406.52002,0.999727,559.590027
31-05-18,14.1902,7494.169922,0.998003,577.64502
01-06-18,14.2408,7541.450195,1.00099,580.04303
02-06-18,14.6797,7643.450195,0.99353,591.807983
03-06-18,14.566,7720.25,1.0001,618.328979
04-06-18,14.2611,7514.470215,1.00052,592.984985
05-06-18,15.5993,7633.759766,1.00102,609.302979
06-06-18,17.247499,7653.97998,1.00069,607.124023
07-06-18,16.2631,7678.240234,0.99875,605.187012
08-06-18,16.2738,7624.919922,1.00179,601.077026
09-06-18,15.9632,7531.97998,1.00608,597.562012
10-06-18,14.1842,6786.02002,0.998215,526.479004
11-06-18,15.3835,6906.919922,1.00193,533.283997
12-06-18,15.2262,6582.359863,1.00077,496.842987
13-06-18,14.5891,6349.899902,1.00353,477.493988
14-06-18,14.8953,6675.350098,1.00395,519.742004
15-06-18,15.0481,6456.580078,1.00695,491.003998
16-06-18,15.8092,6550.160156,1.00424,499.641998
17-06-18,16.5788,6499.27002,1.00548,500.447998
18-06-18,16.8797,6734.819824,1.00283,518.890991
19-06-18,16.6996,6769.939941,1.00022,537.95697
20-06-18,16.061899,6776.549805,0.998829,536.268005
21-06-18,17.053301,6729.740234,1.00053,527.367004
22-06-18,15.5939,6083.689941,1.003,465.816986
23-06-18,15.5512,6162.47998,1.00198,474.519989
24-06-18,14.4476,6173.22998,1.0051,457.671997
25-06-18,14.9209,6249.180176,1.00062,460.309998
26-06-18,14.12,6093.669922,1.00056,432.772003
27-06-18,14.0501,6157.129883,0.997935,442.36499
28-06-18,14.1246,5903.439941,0.997193,422.36499
29-06-18,14.5086,6218.299805,1.00333,436.009003
30-06-18,14.6573,6404,0.999192,455.179993
01-07-18,14.4041,6385.819824,0.998821,453.917999
02-07-18,14.5706,6614.180176,0.998859,475.346985
03-07-18,14.1715,6529.589844,1.00032,464.195007
04-07-18,14.0055,6597.549805,0.999195,467.317993
05-07-18,13.8505,6639.140137,1.00614,474.411987
06-07-18,13.5296,6673.5,1.00316,474.011993
07-07-18,14.4048,6856.930176,1.00621,491.660004
08-07-18,13.9919,6773.879883,1.00425,489.118988
09-07-18,13.6645,6741.75,1.0075,476.682007
10-07-18,12.7613,6329.950195,1.0012,434.424011
11-07-18,12.7049,6394.709961,1.00116,446.518005
12-07-18,12.0706,6228.810059,0.99907,430.074005
13-07-18,12.1801,6238.049805,1.00142,434.027008
14-07-18,12.0965,6276.120117,1.00265,436.085999
15-07-18,12.2891,6359.640137,0.998352,449.850006
16-07-18,13.2373,6741.75,0.999139,480.65799
17-07-18,13.7128,7321.040039,1.00013,501.002014
18-07-18,12.8648,7370.779785,1.00221,480.513
19-07-18,12.918,7466.859863,0.998088,469.618988
20-07-18,12.0709,7354.129883,1.00103,450.697998
21-07-18,12.1853,7419.290039,1.00004,462.436005
22-07-18,12.1199,7418.490234,0.999843,459.657013
23-07-18,12.0199,7711.109863,0.997496,450.852997
24-07-18,12.1451,8424.269531,0.996505,479.372986
25-07-18,12.9394,8181.390137,0.998791,472.493011
26-07-18,13.3973,7951.580078,0.997951,464.036987
27-07-18,13.9227,8165.009766,0.997118,469.665985
28-07-18,14.6017,8192.150391,0.997887,466.89801
29-07-18,14.0212,8218.459961,0.998919,466.665009
30-07-18,13.2169,8180.47998,0.99891,457.080994
31-07-18,13.7754,7780.439941,0.999507,433.867004
01-08-18,13.5739,7624.910156,0.999409,420.747009
02-08-18,14.1769,7567.149902,1.00066,412.621002
03-08-18,14.1346,7434.390137,0.999095,418.261993
04-08-18,13.8424,7032.850098,0.998505,407.252014
05-08-18,13.6232,7068.47998,0.999347,410.515991
06-08-18,13.6991,6951.799805,1.00095,406.65799
07-08-18,13.1461,6753.120117,1.00154,380.214996
08-08-18,12.1437,6305.799805,1.00169,356.613007
09-08-18,12.858,6568.22998,1.00424,365.588013
10-08-18,12.1308,6184.709961,1.00158,334.175995
11-08-18,11.7366,6295.72998,1.00985,322.112
12-08-18,11.7418,6322.689941,1.00049,319.570007
13-08-18,10.2282,6297.569824,1.00393,286.494995
14-08-18,9.42011,6199.709961,0.997543,278.932007
15-08-18,9.46301,6308.52002,1.00125,282.364014
16-08-18,9.80233,6334.72998,1.00122,288.04599
17-08-18,10.8678,6580.629883,0.997761,315.729004
18-08-18,9.90758,6423.759766,1.00286,295.812012
19-08-18,10.1562,6506.069824,1.00052,300.834015
20-08-18,9.70093,6308.529785,1.00539,274.315002
21-08-18,9.71463,6488.759766,1.0007,281.944
22-08-18,9.53973,6376.709961,1.00035,271.341003
23-08-18,9.71504,6534.879883,0.998976,277.104004
24-08-18,10.2347,6719.959961,1.00178,282.96701
25-08-18,10.1358,6763.189941,1.001,279.645996
26-08-18,10.1856,6707.259766,0.999227,275.196991
27-08-18,11.2128,6884.640137,0.997802,285.602997
28-08-18,11.4861,7096.279785,0.999395,296.498993
29-08-18,11.1735,7047.160156,1.00066,289.312012
30-08-18,10.7626,6978.22998,1.00003,284.105011
31-08-18,11.0138,7037.580078,1.00351,283.003998
01-09-18,11.3794,7193.25,0.996813,295.341003
02-09-18,11.2994,7272.720215,0.997839,294.371002
03-09-18,11.2611,7260.060059,0.998642,289.259003
04-09-18,11.3592,7361.660156,0.999517,285.722992
05-09-18,10.0866,6792.830078,1.00795,232.330994
06-09-18,10.2842,6529.169922,1.00091,230.214996
07-09-18,10.0373,6467.069824,1.00636,217.203003
08-09-18,9.52008,6225.97998,1.00428,197.951004
09-09-18,9.51263,6300.859863,1.00498,196.923996
10-09-18,9.52487,6329.700195,1.00128,197.078995
11-09-18,9.37396,6321.200195,1.00454,185.065994
12-09-18,9.21443,6351.799805,1.00125,183.330994
13-09-18,9.60406,6517.310059,1.00635,211.354004
14-09-18,9.93005,6512.709961,1.00236,211.748993
15-09-18,10.1103,6543.200195,1.00086,223.074005
16-09-18,9.93602,6517.180176,1.00096,220.589005
17-09-18,9.40526,6281.200195,1.00411,197.875
18-09-18,9.54406,6371.299805,1.00225,209.975006
19-09-18,9.61909,6398.540039,1.00069,209.968994
20-09-18,10.0745,6519.669922,1.00154,224.591003
21-09-18,10.4108,6734.950195,0.994428,246.584
22-09-18,10.245,6721.97998,1.00092,240.479996
23-09-18,10.2806,6710.629883,0.999512,244.330002
24-09-18,10.0359,6595.410156,1.00063,228.729996
25-09-18,9.78316,6446.470215,1.00044,218.505005
26-09-18,9.73663,6495,1.00213,215.847
27-09-18,10.0312,6676.75,0.997107,228.494003
28-09-18,9.96934,6644.129883,1.00142,222.401993
29-09-18,9.99914,6601.959961,0.999602,231.634995
30-09-18,10.0178,6625.560059,1.00036,232.848007
01-10-18,9.94366,6589.620117,0.997925,230.768005
02-10-18,10.3568,6556.100098,0.999741,227.181
03-10-18,10.2712,6502.589844,0.998569,220.488998
04-10-18,10.2556,6576.689941,0.996185,222.218002
05-10-18,10.6362,6622.47998,0.995778,227.600998
06-10-18,10.3721,6588.310059,0.997177,225.119995
07-10-18,10.519,6602.950195,0.996617,226.119003
08-10-18,10.5066,6652.22998,0.995814,229.255005
09-10-18,10.3849,6642.640137,0.996779,227.981995
10-10-18,10.328,6585.529785,0.993502,225.768997
11-10-18,9.30132,6256.240234,0.993026,189.498993
12-10-18,9.52894,6274.580078,0.994102,196.727005
13-10-18,9.54036,6285.990234,0.988046,199.841003
14-10-18,9.49674,6290.930176,0.98957,195.714996
15-10-18,10.3161,6596.540039,0.980138,209.703995
16-10-18,10.0109,6596.109863,0.975152,210.119995
17-10-18,9.90447,6544.430176,0.971225,207.082993
18-10-18,9.71658,6476.709961,0.980858,203.352005
19-10-18,9.76675,6465.410156,0.987712,203.727005
20-10-18,9.75463,6489.189941,0.983831,205.429993
21-10-18,9.7433,6482.350098,0.983548,205.141998
22-10-18,9.72685,6487.160156,0.983998,204.044006
23-10-18,9.80308,6475.740234,0.987962,204.335999
24-10-18,9.74532,6495.839844,0.988612,203.852005
25-10-18,9.69228,6476.290039,0.988791,202.718994
26-10-18,9.70268,6474.75,0.989789,203.328995
27-10-18,9.65445,6480.379883,0.993097,204.210007
28-10-18,9.66679,6486.390137,0.998453,205.365997
29-10-18,9.40262,6332.629883,0.996859,197.246994
30-10-18,9.38704,6334.27002,0.996671,197.556
31-10-18,9.36496,6317.609863,0.988122,197.380997
01-11-18,9.54922,6377.779785,0.99172,198.871994
02-11-18,9.57308,6388.439941,0.993501,200.634995
03-11-18,9.53021,6361.259766,0.999433,200.186005
04-11-18,9.62754,6376.129883,0.988708,207.485992
05-11-18,9.67251,6419.660156,0.993176,209.091003
06-11-18,9.78081,6461.009766,0.992796,218.451996
07-11-18,9.81693,6530.140137,0.99327,217.182999
08-11-18,9.65095,6453.720215,0.994333,212.231003
09-11-18,9.5542,6385.620117,0.994832,210.074005
10-11-18,9.55752,6409.220215,0.99718,212.533005
11-11-18,9.466,6411.27002,0.990462,211.339996
12-11-18,9.36122,6371.27002,0.989148,210.417999
13-11-18,9.24841,6359.490234,0.985118,206.826004
14-11-18,8.40701,5738.350098,0.966644,181.397003
15-11-18,8.18486,5648.029785,0.982022,180.806
16-11-18,7.88448,5575.549805,0.987027,175.177002
17-11-18,7.7182,5554.330078,0.985869,174.001007
18-11-18,7.99976,5623.540039,0.992533,177.067001
19-11-18,6.63209,4871.490234,0.98273,149.175003
20-11-18,5.76021,4451.870117,0.968799,130.339005
21-11-18,6.19905,4602.169922,0.987504,136.701004
22-11-18,5.75555,4365.939941,0.998188,126.706001
23-11-18,5.55743,4347.109863,0.98257,123.295998
24-11-18,5.11528,3880.76001,0.980224,113.494003
25-11-18,5.18058,4009.969971,0.980969,116.449997
26-11-18,4.92645,3779.129883,0.977243,108.334999
27-11-18,4.91305,3820.719971,0.98426,110.010002
28-11-18,5.33696,4257.419922,0.998622,122.438004
29-11-18,5.346633,4278.84668,0.997377,117.542648
30-11-18,5.078572,4017.268555,0.991823,113.171417
01-12-18,5.288723,4214.671875,1.001052,118.635559
02-12-18,5.250417,4139.87793,0.998372,116.388901
03-12-18,5.109251,3894.130859,0.996594,108.925018
04-12-18,5.880791,3956.893799,1.000031,110.214188
05-12-18,5.984278,3753.994873,0.992966,102.475555
06-12-18,4.951687,3521.101807,0.998296,91.761055
07-12-18,4.52865,3419.937256,1.001431,93.294563
08-12-18,4.700418,3476.114746,1.019975,92.159637
09-12-18,4.859104,3614.234375,1.015502,95.142059
10-12-18,4.712263,3502.656006,1.016604,91.685654
11-12-18,4.940698,3424.588135,1.009794,88.945305
12-12-18,5.023137,3486.950195,1.009756,90.5933
13-12-18,4.650704,3313.677246,1.003378,86.539314
14-12-18,4.533357,3242.484863,1.002197,84.308296
15-12-18,4.563012,3236.761719,1.004989,84.440811
16-12-18,4.645258,3252.839111,1.006336,85.2621
17-12-18,5.110017,3545.864746,1.009941,95.133827
18-12-18,5.60027,3696.059082,1.012868,101.112457
19-12-18,5.491901,3745.950684,1.022362,101.268578
20-12-18,5.792257,4134.441406,1.019417,116.216873
21-12-18,5.567144,3896.543701,1.015506,109.496231
22-12-18,5.930578,4014.182617,1.020806,116.759499
23-12-18,6.059008,3998.980225,1.015955,130.765259
24-12-18,6.144924,4078.599121,1.015777,140.238007
25-12-18,5.547575,3815.490723,1.01905,129.844345
26-12-18,5.713105,3857.297607,1.01955,131.865631
27-12-18,5.27545,3654.833496,1.024174,116.575912
28-12-18,6.011828,3923.918701,1.02316,137.647018
29-12-18,5.83234,3820.408691,1.031473,138.018341
30-12-18,5.995711,3865.952637,1.019086,139.859451
31-12-18,6.164732,3742.700439,1.013722,133.368256
01-01-19,6.075273,3843.52002,1.018335,140.819412
02-01-19,6.188613,3943.409424,1.024012,155.047684
03-01-19,5.903535,3836.741211,1.019473,149.13501
04-01-19,6.065138,3857.717529,1.0172,154.58194
05-01-19,6.065543,3845.19458,1.018489,155.638596
06-01-19,6.395979,4076.632568,1.023578,157.746201
07-01-19,6.291411,4025.248291,1.013987,151.699219
08-01-19,6.640054,4030.8479,1.01935,150.359634
09-01-19,6.64155,4035.296387,1.01683,150.803116
10-01-19,5.915919,3678.924561,1.02346,128.625183
11-01-19,6.075342,3687.365479,1.023316,127.548325
12-01-19,5.976965,3661.301025,1.020881,125.96653
13-01-19,5.568757,3552.953125,1.020091,116.897804
14-01-19,6.159282,3706.052246,1.020856,129.068726
15-01-19,5.919048,3630.675293,1.020558,122.032715
16-01-19,6.186014,3655.006836,1.018522,123.547066
17-01-19,6.417832,3678.563965,1.017495,123.74192
18-01-19,6.56304,3657.839355,1.017251,121.010262
19-01-19,6.635449,3728.568359,1.016782,124.51902
20-01-19,6.493869,3601.013672,1.017146,119.474831
21-01-19,6.553025,3576.032471,1.013376,117.157852
22-01-19,6.523199,3604.577148,1.009036,118.747551
23-01-19,6.541402,3585.123047,1.008297,117.452606
24-01-19,6.505792,3600.865479,1.00854,117.362885
25-01-19,6.737325,3599.765869,1.010522,116.378342
26-01-19,7.006565,3602.460449,1.009264,116.488739
27-01-19,7.088199,3583.96582,1.008717,113.405289
28-01-19,6.206182,3470.450439,1.00883,106.589973
29-01-19,6.18167,3448.116943,1.009438,105.598213
30-01-19,6.174529,3486.181641,1.007188,108.907539
31-01-19,6.268436,3457.792725,1.00649,107.061012
01-02-19,6.562617,3487.945313,1.006309,107.609787
02-02-19,6.891695,3521.060791,1.0027,110.43026
03-02-19,6.738165,3464.013428,1.000047,107.492668
04-02-19,7.1005,3459.154053,0.999826,107.821602
05-02-19,7.81981,3466.357422,0.999532,107.44352
06-02-19,8.086174,3413.767822,1.001003,104.919289
07-02-19,7.730325,3399.47168,1.001078,104.535301
08-02-19,8.575567,3666.780273,1.001943,119.267746
09-02-19,8.871357,3671.203613,1.000295,119.430885
10-02-19,9.21154,3690.188232,1.004217,124.806488
11-02-19,9.551809,3648.430664,1.003165,121.298393
12-02-19,9.341781,3653.528564,1.003979,122.572289
13-02-19,8.941073,3632.070557,1.003968,122.553604
14-02-19,8.782048,3616.880859,1.006482,121.390205
15-02-19,9.273832,3620.810791,1.003441,122.100388
16-02-19,9.129251,3629.787598,1.003264,123.260216
17-02-19,9.216046,3673.836182,1.000956,133.598877
18-02-19,9.634436,3915.714355,1.005453,146.098373
19-02-19,10.563078,3947.094482,1.007616,145.346191
20-02-19,10.966056,3999.820557,1.006978,149.554337
21-02-19,10.492892,3954.118164,1.004418,146.130844
22-02-19,10.837115,4005.526611,1.00854,149.092453
23-02-19,10.781801,4142.526855,1.008529,158.795425
24-02-19,10.113093,3810.42749,1.012046,135.852661
25-02-19,9.842012,3882.696289,1.015052,139.822861
26-02-19,9.521595,3854.35791,1.010847,138.089676
27-02-19,9.899132,3851.047363,1.009045,136.125961
28-02-19,10.365178,3854.7854,1.010067,136.746246
01-03-19,11.393217,3859.58374,1.006868,136.443619
02-03-19,11.869744,3864.415039,1.011416,134.206955
03-03-19,11.537903,3847.175781,1.01022,132.24942
04-03-19,11.545945,3761.557129,1.011617,127.774124
05-03-19,13.811967,3896.375,1.011154,137.822388
06-03-19,14.517946,3903.942627,1.010583,138.789352
07-03-19,15.145886,3911.484375,1.008475,138.0345
08-03-19,14.366936,3901.131592,1.009525,135.127075
09-03-19,14.565879,3963.313721,1.005976,137.965332
10-03-19,14.494439,3951.599854,1.008822,136.758682
11-03-19,14.514414,3905.227295,1.00878,133.83403
12-03-19,15.406131,3909.15625,1.006598,134.442886
13-03-19,15.115124,3906.717285,1.010083,133.263077
14-03-19,15.051104,3924.369141,1.010707,133.711594
15-03-19,15.077102,3960.911133,1.009801,137.691788
16-03-19,16.119011,4048.72583,1.010961,142.398178
17-03-19,15.761146,4025.229004,1.009218,140.000549
18-03-19,15.682012,4032.507324,1.010947,139.374603
19-03-19,15.693595,4071.190186,1.01401,140.519196
20-03-19,15.280023,4087.476318,1.010557,140.686356
21-03-19,14.517393,4029.326904,1.011736,136.636063
22-03-19,15.266424,4023.968262,1.007622,137.181442
23-03-19,15.235995,4035.826416,1.007352,138.239868
24-03-19,17.285357,4022.168213,1.005638,136.986923
25-03-19,16.841007,3963.070557,1.007552,135.031021
26-03-19,16.335665,3985.080811,1.010339,135.460358
27-03-19,16.781343,4087.066162,1.012253,140.988159
28-03-19,16.80533,4069.107178,1.010852,139.416473
29-03-19,16.510141,4098.374512,0.998496,142.497421
30-03-19,16.932213,4106.660156,1.000349,142.092682
31-03-19,17.40167,4105.404297,1.000559,141.514099
01-04-19,17.950502,4158.183105,1.003026,141.830322
02-04-19,19.789783,4879.87793,1.008167,163.961746
03-04-19,18.753063,4973.021973,1.007502,161.458801
04-04-19,19.142689,4922.798828,1.005421,158.052536
05-04-19,19.453466,5036.681152,1.00701,165.514847
06-04-19,19.115629,5059.817383,1.003663,165.947205
07-04-19,19.110271,5198.896973,1.004601,174.531647
08-04-19,18.113703,5289.770996,1.008983,180.25882
09-04-19,18.435053,5204.958496,1.007853,176.114578
10-04-19,18.248579,5324.551758,1.003762,177.337479
11-04-19,17.70048,5064.487793,1.005609,165.497025
12-04-19,18.434271,5089.539063,1.007195,164.736328
13-04-19,18.719797,5096.586426,1.006739,164.513351
14-04-19,19.49202,5167.722168,1.005378,167.838516
15-04-19,19.402426,5067.108398,1.00121,161.574173
16-04-19,19.827456,5235.55957,1.010522,167.623444
17-04-19,19.60335,5251.937988,1.006307,166.95076
18-04-19,22.038479,5298.385742,1.004995,173.814026
19-04-19,24.475281,5303.8125,1.005918,173.708435
20-04-19,25.007528,5337.88623,1.005203,173.751266
21-04-19,24.193829,5314.53125,1.006657,170.046524
22-04-19,23.90811,5399.365234,1.006089,171.874664
23-04-19,22.876261,5572.362305,1.008323,171.4478
24-04-19,23.129068,5464.866699,1.005564,165.826096
25-04-19,22.243107,5210.515625,0.992808,154.459396
26-04-19,22.869429,5279.348145,0.991103,156.347092
27-04-19,22.341587,5268.291016,0.994751,158.434937
28-04-19,22.89934,5285.13916,0.993873,157.295074
29-04-19,21.705067,5247.352539,1.00037,155.201996
30-04-19,22.127836,5350.726563,1.006049,162.166031
01-05-19,21.953621,5402.697266,1.00215,160.818344
02-05-19,23.59193,5505.283691,1.001149,162.122787
03-05-19,23.749628,5768.289551,1.001222,167.952408
04-05-19,22.884832,5831.16748,1.000478,164.026581
05-05-19,23.019953,5795.708496,1.002276,163.450699
06-05-19,22.206635,5746.807129,0.999546,172.653214
07-05-19,20.86418,5829.501465,0.998015,169.79866
08-05-19,20.752676,5982.45752,1.001374,170.948166
09-05-19,18.828356,6174.528809,0.999281,170.289307
10-05-19,19.598108,6378.849121,1.001102,173.142746
11-05-19,21.049442,7204.771484,1.000759,194.304337
12-05-19,20.830297,6972.371582,0.995634,187.325317
13-05-19,23.811028,7814.915039,1.005109,196.846283
14-05-19,23.626419,7994.416016,1.000001,217.148575
15-05-19,26.894939,8205.167969,1.002776,247.153061
16-05-19,26.325806,7884.90918,0.99904,264.01001
17-05-19,25.682571,7343.895508,0.996773,243.764587
18-05-19,28.396793,7271.208008,0.99664,234.59523
19-05-19,29.412844,8197.689453,1.01061,261.292206
20-05-19,29.305387,7978.309082,1.003848,251.86441
21-05-19,32.007378,7963.327637,1.005497,255.215881
22-05-19,31.422043,7680.066406,1.001399,244.698914
23-05-19,31.515736,7881.84668,1.004428,245.965668
24-05-19,33.841393,7987.371582,1.003004,249.484985
25-05-19,35.053101,8052.543945,1.003458,251.759872
26-05-19,34.104851,8673.21582,1.009858,267.069641
27-05-19,33.680679,8805.77832,1.004945,272.86264
28-05-19,33.360947,8719.961914,1.00001,271.768707
29-05-19,33.744354,8659.487305,1.001285,269.455688
30-05-19,32.291065,8319.472656,1.001971,255.858948
31-05-19,32.748165,8574.501953,1.003473,268.113556
01-06-19,33.013649,8564.016602,1.003931,265.391266
02-06-19,33.174049,8742.958008,1.002115,270.225525
03-06-19,31.391956,8208.995117,0.999562,252.607925
04-06-19,29.380625,7707.770996,0.995063,241.338791
05-06-19,31.006264,7824.231445,1.005081,247.05101
06-06-19,31.480104,7822.023438,1.00367,249.474335
07-06-19,31.587482,8043.951172,1.00665,250.930359
08-06-19,32.066322,7954.12793,1.004727,245.738098
09-06-19,30.558287,7688.077148,1.002971,233.0867
10-06-19,32.064728,8000.32959,1.005629,247.520126
11-06-19,32.262657,7927.714355,1.005074,245.78183
12-06-19,34.686386,8145.857422,1.002928,260.90329
13-06-19,35.143143,8230.923828,1.001899,256.168793
14-06-19,33.076382,8693.833008,1.006155,264.087463
15-06-19,32.825863,8838.375,1.00556,269.019318
16-06-19,32.402725,8994.488281,1.002959,269.223206
17-06-19,33.917877,9320.352539,1.004986,274.351105
18-06-19,34.339508,9081.762695,0.999952,265.051849
19-06-19,35.287197,9273.521484,1.002128,269.431793
20-06-19,36.726063,9527.160156,1.000227,271.695007
21-06-19,38.815918,10144.55664,1.002799,294.910278
22-06-19,37.799755,10701.69141,0.995817,309.38031
23-06-19,37.134727,10855.37109,0.996691,307.827789
24-06-19,37.43364,11011.10254,0.997842,310.424683
25-06-19,36.008289,11790.91699,0.999333,318.126312
26-06-19,35.698311,13016.23145,0.991819,336.753174
27-06-19,33.823589,11182.80664,0.985739,294.267639
28-06-19,34.54974,12407.33203,1.000664,311.226105
29-06-19,35.360107,11959.37109,0.998604,320.058899
30-06-19,32.442482,10817.15527,0.992487,290.695984
01-07-19,32.922298,10583.13477,0.996052,293.641113
02-07-19,32.009235,10801.67773,1.00288,291.596436
03-07-19,32.6675,11961.26953,1.005015,303.099976
04-07-19,32.893326,11215.4375,0.999929,284.523224
05-07-19,32.713165,10978.45996,1.001669,287.997528
06-07-19,32.530941,11208.55078,0.99741,287.547119
07-07-19,33.241062,11450.84668,1.00245,305.700562
08-07-19,33.469681,12285.95801,1.004626,313.251404
09-07-19,32.707649,12573.8125,1.00222,308.881012
10-07-19,31.477377,12156.5127,0.999782,290.002319
11-07-19,29.641972,11358.66211,0.996514,268.704041
12-07-19,31.69433,11815.98633,1.006676,276.276703
13-07-19,31.506933,11392.37891,0.998694,269.458801
14-07-19,28.924282,10256.05859,0.999995,227.578064
15-07-19,28.393448,10895.08984,1.008286,229.776001
16-07-19,25.525009,9477.641602,0.995924,199.188675
17-07-19,27.219601,9693.802734,1.006266,211.48497
18-07-19,28.922812,10666.48242,1.008852,226.566162
19-07-19,29.078394,10530.73242,1.002974,221.33342
20-07-19,30.872244,10767.13965,1.005038,229.119217
21-07-19,30.519543,10599.10547,1.000783,225.630768
22-07-19,30.634586,10343.10645,1.000396,217.560013
23-07-19,29.585196,9900.767578,0.997631,212.728516
24-07-19,29.163717,9811.925781,1.003048,217.046371
25-07-19,29.002432,9911.841797,1.003127,219.617996
26-07-19,28.979189,9870.303711,1.003877,219.629608
27-07-19,27.885626,9477.677734,0.998904,207.40831
28-07-19,27.835171,9552.860352,1.002236,211.186554
29-07-19,27.203272,9519.145508,1.000521,211.268051
30-07-19,26.942305,9607.423828,1.003176,210.522598
31-07-19,27.644558,10085.62793,1.00375,218.654144
01-08-19,28.773273,10399.66895,1.006068,217.808441
02-08-19,28.038483,10518.17481,1.001748,217.871567
03-08-19,27.88986,10821.72656,1.004277,222.490341
04-08-19,27.556162,10970.18457,1.005068,222.669724
05-08-19,28.011879,11805.65332,1.009972,234.215027
06-08-19,27.638088,11478.16895,0.998211,226.020645
07-08-19,29.354368,11941.96875,1.001961,226.391006
08-08-19,30.832846,11966.40723,0.997454,220.941864
09-08-19,29.961473,11862.93652,0.998742,210.488907
10-08-19,29.681858,11354.02441,0.999664,206.733536
11-08-19,30.057255,11523.5791,0.99765,216.092865
12-08-19,30.166882,11382.61621,0.998427,211.288071
13-08-19,29.466278,10895.83008,0.996607,208.709045
14-08-19,27.105581,10051.7041,0.993267,186.607742
15-08-19,28.043447,10311.5459,1.002768,188.50206
16-08-19,27.644571,10374.33887,1.002429,185.440079
17-08-19,27.480522,10231.74414,1.000918,185.687683
18-08-19,27.932446,10345.81055,1.003422,194.49353
19-08-19,28.809004,10916.05371,1.004276,203.091934
20-08-19,28.16749,10763.23242,1.000555,196.565414
21-08-19,26.993715,10138.04981,0.994472,186.891632
22-08-19,27.089191,10131.05566,1.00298,191.332916
23-08-19,27.17053,10407.96484,1.003907,194.706207
24-08-19,26.495663,10159.96094,1.002637,191.289566
25-08-19,26.131847,10138.51758,0.999559,186.842392
26-08-19,26.10833,10370.82031,1.001347,188.929382
27-08-19,25.688978,10185.5,0.999137,187.516663
28-08-19,23.702868,9754.422852,0.996918,173.889969
29-08-19,21.889606,9510.200195,1.002594,169.516739
30-08-19,22.218857,9598.173828,1.00209,168.834869
31-08-19,21.265915,9630.664063,1.003744,172.469788
01-09-19,21.56867,9757.970703,1.004573,171.629425
02-09-19,22.767134,10346.76074,1.003085,178.347351
03-09-19,22.51454,10623.54004,1.002552,179.499329
04-09-19,21.796309,10594.49316,1.002481,175.992889
05-09-19,22.761099,10575.5332,1.001045,174.217133
06-09-19,22.153149,10353.30273,1.0034,169.956177
07-09-19,22.548977,10517.25488,1.005914,178.262619
08-09-19,22.561689,10441.27637,1.005253,181.35553
09-09-19,22.28739,10334.97461,1.002489,181.14946
10-09-19,21.911144,10115.97559,0.999806,179.78717
11-09-19,20.899321,10178.37207,1.002407,178.725494
12-09-19,20.922277,10410.12695,1.002317,181.016098
13-09-19,20.887466,10360.54688,1.001374,181.109726
14-09-19,21.071585,10358.04883,1.002235,188.105515
15-09-19,20.59894,10347.71289,1.003904,189.789124
16-09-19,20.398512,10276.79395,1.001626,197.113174
17-09-19,21.005367,10241.27246,1.004886,208.608749
18-09-19,22.255444,10198.24805,1.004889,211.393036
19-09-19,21.614601,10266.41504,1.002989,221.280853
20-09-19,21.371471,10181.6416,1.000951,218.050049
21-09-19,21.08218,10019.7168,1.002354,215.516205
22-09-19,20.525558,10070.39258,1.002634,211.54538
23-09-19,19.485477,9729.324219,1.002548,201.92131
24-09-19,16.06769,8620.566406,1.007158,168.110733
25-09-19,16.258373,8486.993164,1.006749,170.8927
26-09-19,15.459808,8118.967773,1.004431,166.727127
27-09-19,15.790263,8251.845703,1.010344,174.710999
28-09-19,15.851419,8245.915039,1.004628,174.572891
29-09-19,15.3051,8104.185547,1.005677,170.503479
30-09-19,15.862675,8293.868164,1.004109,179.872208
01-10-19,15.903211,8343.276367,1.006396,177.340424
02-10-19,15.950048,8393.041992,1.004245,180.71051
03-10-19,15.72676,8259.992188,1.004948,175.199341
04-10-19,15.755114,8205.939453,1.008841,176.985001
05-10-19,15.72358,8151.500488,1.001932,176.351517
06-10-19,15.34898,7988.155762,1.012087,173.059143
07-10-19,16.134346,8245.623047,1.008524,181.18634
08-10-19,16.108192,8228.783203,1.00612,182.021561
09-10-19,17.80658,8595.740234,1.005719,193.293259
10-10-19,17.571154,8586.473633,1.003237,191.659668
11-10-19,16.709532,8321.756836,1.012352,182.569687
12-10-19,17.277906,8336.555664,1.004475,180.826645
13-10-19,18.308025,8321.005859,1.004942,182.07515
14-10-19,18.459478,8374.686523,1.004195,186.960907
15-10-19,18.544653,8205.369141,1.00405,181.406067
16-10-19,17.84005,8047.526855,1.006127,176.013504
17-10-19,18.570269,8103.911133,1.004207,178.028351
18-10-19,18.254192,7973.20752,1.002739,173.621338
19-10-19,18.288546,7988.560547,1.006851,172.913025
20-10-19,18.437923,8222.078125,1.002886,175.534378
21-10-19,18.30555,8243.720703,1.004178,174.92099
22-10-19,18.195602,8078.203125,1.00449,172.300858
23-10-19,16.711174,7514.671875,1.002449,162.402786
24-10-19,16.891573,7493.48877,1.007428,162.168549
25-10-19,18.616058,8660.700195,1.002172,181.523209
26-10-19,18.889704,9244.972656,1.001595,179.83548
27-10-19,19.345646,9551.714844,1.004242,184.242218
28-10-19,19.75832,9256.148438,1.002855,182.662811
29-10-19,20.477106,9427.6875,1.002135,190.342575
30-10-19,20.08695,9205.726563,1.005853,184.692169
31-10-19,20.000233,9199.584961,1.006419,183.966919
01-11-19,20.021502,9261.104492,1.004101,183.969894
02-11-19,20.266994,9324.717773,1.004758,183.92572
03-11-19,20.206045,9235.354492,1.004447,182.425018
04-11-19,20.737982,9412.612305,1.004343,186.355194
05-11-19,20.724674,9342.527344,1.004743,189.304169
06-11-19,20.817923,9360.879883,1.003033,191.593842
07-11-19,20.646936,9267.561523,1.005732,187.976547
08-11-19,19.690773,8804.880859,1.002498,184.211472
09-11-19,19.735447,8813.582031,1.000189,185.028717
10-11-19,20.481758,9055.526367,1.002694,189.47728
11-11-19,20.133141,8757.788086,1.002438,185.489639
12-11-19,20.857447,8815.662109,1.001398,186.843414
13-11-19,21.250431,8808.262695,1.003175,188.258743
14-11-19,21.2647,8708.094727,1.005582,185.999634
15-11-19,20.316225,8491.992188,1.001369,180.521179
16-11-19,20.282654,8550.760742,1.006746,183.348358
17-11-19,20.260794,8577.975586,1.008471,185.119232
18-11-19,19.31687,8309.286133,1.012008,180.559601
19-11-19,18.703299,8206.145508,1.008968,177.455551
20-11-19,18.172274,8027.268066,1.00544,175.698349
21-11-19,16.840218,7642.75,1.000411,161.462723
22-11-19,15.581703,7296.577637,1.003045,150.268173
23-11-19,16.4195,7397.796875,1.01313,153.417786
24-11-19,15.278765,7047.916992,1.017519,142.834702
25-11-19,15.267364,7146.133789,1.003114,146.476532
26-11-19,15.527255,7218.371094,1.009773,148.965073
27-11-19,16.098288,7531.663574,1.005027,153.010559
28-11-19,15.683207,7463.105957,1.00408,151.717575
29-11-19,16.273304,7761.243652,1.004521,155.304153
30-11-19,15.715951,7569.629883,1.001703,152.539688
01-12-19,15.496336,7424.29248,1.002481,151.18573
02-12-19,15.191858,7321.988281,1.001681,149.059158
03-12-19,15.309556,7320.145508,1.003135,147.956421
04-12-19,15.279978,7252.034668,1.007939,146.747742
05-12-19,15.762839,7448.307617,1.010072,149.248993
06-12-19,15.711299,7546.996582,1.003428,149.194443
07-12-19,15.667086,7556.237793,1.007412,148.768158
08-12-19,15.674523,7564.345215,1.006376,151.264725
09-12-19,15.448539,7400.899414,1.004253,148.225174
10-12-19,14.95887,7278.119629,1.005855,146.267044
11-12-19,14.824551,7217.427246,1.011923,143.608002
12-12-19,14.818167,7243.134277,1.005837,145.604004
13-12-19,14.878744,7269.68457,1.001751,144.944748
14-12-19,14.505015,7124.673828,1.006088,142.869232
15-12-19,14.490446,7152.301758,1.004616,143.11499
16-12-19,13.558786,6932.480469,1.003986,133.614029
17-12-19,12.386941,6640.515137,0.993339,122.603889
18-12-19,13.53526,7276.802734,1.006128,133.092194
19-12-19,13.445779,7202.844238,1.008569,129.321136
20-12-19,13.570779,7218.816406,1.005842,129.066055
21-12-19,13.380659,7191.158691,1.005758,128.130951
22-12-19,13.835881,7511.588867,1.003887,132.372513
23-12-19,13.369034,7355.628418,1.012136,128.61409
24-12-19,13.444571,7322.532227,1.008587,129.063889
25-12-19,13.174839,7275.155762,1.004661,126.454636
26-12-19,13.208636,7238.966797,1.003988,126.361221
27-12-19,13.36272,7290.088379,1.005803,127.214607
28-12-19,13.705417,7317.990234,1.000307,128.322708
29-12-19,14.150045,7422.652832,1.00421,134.75798
30-12-19,13.947442,7292.995117,1.006175,132.633484
31-12-19,13.727642,7193.599121,0.999679,129.610855
01-01-20,13.689083,7200.174316,0.999836,130.802002
02-01-20,13.027011,6985.470215,1.001565,127.410179
03-01-20,13.660452,7344.884277,1.004192,134.171707
04-01-20,13.891512,7410.656738,1.007472,135.069366
05-01-20,14.111019,7411.317383,1.006197,136.276779
06-01-20,14.957808,7769.219238,1.002903,144.304153
07-01-20,15.00925,8163.692383,1.001723,143.543991
08-01-20,14.602934,8079.862793,1.004253,141.258133
09-01-20,14.498314,7879.071289,1.006573,138.979202
10-01-20,15.025826,8166.554199,1.001462,143.963776
11-01-20,14.946328,8037.537598,1.000091,142.927109
12-01-20,15.322083,8192.494141,1.002478,145.873932
13-01-20,15.227272,8144.194336,1.003347,144.226593
14-01-20,16.626122,8827.764648,1.001821,165.955353
15-01-20,17.654812,8807.010742,0.999656,166.230682
16-01-20,17.076946,8723.786133,0.999231,164.391006
17-01-20,18.135199,8929.038086,1.002879,170.779953
18-01-20,17.823919,8942.808594,1.002741,175.365677
19-01-20,17.369253,8706.245117,0.998535,166.969849
20-01-20,17.325275,8657.642578,1.000688,167.120514
21-01-20,18.127666,8745.894531,1.001418,169.697159
22-01-20,17.798361,8680.875977,1.000595,168.294159
23-01-20,17.021404,8406.515625,0.998409,162.928558
24-01-20,17.047409,8445.43457,1.00297,163.051178
25-01-20,16.976107,8367.847656,1.002113,161.283936
26-01-20,17.438633,8596.830078,1.000504,168.077103
27-01-20,17.691341,8909.819336,1.0019,170.930893
28-01-20,18.115135,9358.589844,1.00076,176.370316
29-01-20,17.912777,9316.629883,1.002296,175.050339
30-01-20,18.590408,9508.993164,1.001452,184.690475
31-01-20,18.210979,9350.529297,1.000648,180.160172
01-02-20,18.218321,9392.875,1.001216,183.67395
02-02-20,18.448185,9344.365234,1.000544,188.617538
03-02-20,18.462755,9293.521484,0.998913,189.865067
04-02-20,18.177366,9180.962891,1.001745,189.250595
05-02-20,19.21505,9613.423828,1.002838,204.23024
06-02-20,20.595263,9729.801758,0.997216,212.339081
07-02-20,22.062258,9795.943359,0.997751,222.726059
08-02-20,21.782419,9865.119141,0.999534,223.146515
09-02-20,24.308561,10116.67383,1.001473,228.578568
10-02-20,25.218315,9856.611328,1.00064,223.522705
11-02-20,25.637403,10208.23633,0.998423,235.851196
12-02-20,26.466763,10326.05469,1.002559,265.406128
13-02-20,25.4401,10214.37988,0.998579,268.099243
14-02-20,26.296959,10312.11621,1.000114,284.217499
15-02-20,24.149651,9889.424805,0.999128,264.728577
16-02-20,23.466389,9934.433594,0.999272,259.894714
17-02-20,23.551378,9690.142578,0.998474,266.363434
18-02-20,24.058178,10141.99609,1.000759,281.94458
19-02-20,22.333511,9633.386719,1.001324,259.763977
20-02-20,22.229147,9608.475586,1.002594,257.949463
21-02-20,22.184877,9686.441406,1.003138,265.600616
22-02-20,21.968481,9663.181641,1.001829,262.331726
23-02-20,22.828871,9924.515625,0.998017,273.75415
24-02-20,22.044127,9650.174805,0.9988,265.216431
25-02-20,20.34247,9341.705078,1.001454,247.817596
26-02-20,18.799131,8820.522461,1.002742,225.680267
27-02-20,19.122568,8784.494141,0.998413,226.753387
28-02-20,18.854837,8672.455078,0.997089,226.760498
29-02-20,19.584091,8599.508789,1.006368,219.848511
01-03-20,18.963232,8562.454102,1.000498,218.970596
02-03-20,19.814064,8869.669922,0.995,230.569778
03-03-20,19.63719,8787.786133,1.002497,224.47963
04-03-20,19.959188,8755.246094,1.000622,224.517975
05-03-20,20.802031,9078.762695,1.002522,229.268188
06-03-20,21.288389,9122.545898,0.99843,243.525299
07-03-20,20.179567,8909.954102,1.000182,237.853088
08-03-20,16.974066,8108.116211,1.009775,200.689056
09-03-20,16.570744,7923.644531,0.999048,201.986328
10-03-20,16.875654,7909.729492,1.001721,200.767242
11-03-20,16.524834,7911.430176,0.998806,194.86853
12-03-20,9.600166,4970.788086,1.053585,112.347122
13-03-20,10.833057,5563.707031,0.999629,133.201813
14-03-20,10.140449,5200.366211,1.001621,123.306023
15-03-20,10.436018,5392.314941,1.001987,125.214302
16-03-20,9.38605,5014.47998,0.997004,110.605873
17-03-20,10.077175,5225.629395,0.976145,113.942749
18-03-20,10.119137,5238.438477,0.974248,114.84227
19-03-20,12.27964,6191.192871,1.003193,136.593857
20-03-20,11.875867,6198.77832,0.997556,132.737167
21-03-20,12.057991,6185.066406,1.00095,132.81871
22-03-20,11.158228,5830.254883,0.999032,123.321152
23-03-20,12.117715,6416.314941,0.996812,134.911606
24-03-20,12.40122,6734.803711,1.000473,138.761444
25-03-20,12.3243,6681.062988,0.998594,136.195892
26-03-20,13.217611,6716.44043,0.998483,138.361557
27-03-20,12.523257,6469.79834,1.013318,133.937943
28-03-20,12.193113,6242.193848,0.999704,130.986496
29-03-20,11.441221,5922.042969,1.001963,125.583733
30-03-20,12.286843,6429.841797,1.006534,132.904541
31-03-20,12.581606,6438.644531,1.003027,133.593567
01-04-20,12.741603,6606.776367,1.004746,135.634552
02-04-20,13.066639,6793.624512,1.000717,142.029144
03-04-20,13.373008,6733.387207,1.001712,142.091309
04-04-20,13.824528,6867.527344,1.004113,145.219391
05-04-20,13.734116,6791.129395,1.00285,143.546646
06-04-20,15.084521,7271.78125,0.992833,169.13588
07-04-20,14.681547,7176.414551,0.998629,165.101944
08-04-20,15.056076,7334.098633,0.999124,172.641739
09-04-20,15.062604,7302.089355,1.003465,170.807144
10-04-20,13.737724,6865.493164,1.000793,158.412445
11-04-20,13.804288,6859.083008,0.998116,158.216019
12-04-20,14.375111,6971.091797,1.008169,161.142426
13-04-20,15.034427,6845.037598,1.000327,156.279556
14-04-20,15.525076,6842.427734,0.996806,157.59639
15-04-20,14.593927,6642.109863,0.999529,153.286896
16-04-20,15.70273,7116.804199,1.002719,172.157379
17-04-20,15.735083,7096.18457,1.006742,171.63858
18-04-20,16.593172,7257.665039,1.000777,186.914001
19-04-20,16.139933,7189.424805,1.007704,181.61496
20-04-20,15.085403,6881.958496,1.004804,172.297165
21-04-20,15.205772,6880.323242,1.006456,172.737701
22-04-20,15.69316,7117.20752,1.000911,182.599579
23-04-20,16.006208,7429.724609,0.997692,185.028671
24-04-20,16.016418,7550.900879,1.007932,189.236938
25-04-20,16.305418,7569.936035,1.00468,195.515305
26-04-20,16.383768,7679.867188,1.000312,197.317535
27-04-20,16.463215,7795.601074,1.004091,197.224716
28-04-20,16.444286,7807.058594,1.007822,198.41539
29-04-20,17.493774,8801.038086,1.008123,216.968231
30-04-20,17.033976,8658.553711,1.005112,207.602051
01-05-20,17.564993,8864.766602,1.008137,214.219101
02-05-20,17.584904,8988.59668,1.003478,215.325378
03-05-20,17.126299,8897.46875,1.003508,210.933151
04-05-20,17.100756,8912.654297,1.006109,208.174011
05-05-20,16.919775,9003.070313,1.000856,206.774399
06-05-20,16.657045,9268.761719,1.017931,204.055786
07-05-20,17.013199,9951.518555,1.002895,212.289413
08-05-20,17.241476,9842.666016,1.003764,212.991577
09-05-20,16.935961,9593.896484,1.004818,211.600128
10-05-20,15.295669,8756.430664,1.001055,188.599564
11-05-20,15.097545,8601.795898,0.998364,185.912842
12-05-20,15.741054,8804.477539,1.000735,189.3125
13-05-20,16.138878,9269.987305,1.000232,199.193283
14-05-20,16.3578,9733.72168,0.99886,202.949097
15-05-20,15.754374,9328.197266,1.003972,195.622665
16-05-20,16.051781,9377.013672,1.000194,200.677124
17-05-20,16.314646,9670.739258,1.00159,207.158691
18-05-20,16.636265,9726.575195,1.001351,214.525055
19-05-20,17.154663,9729.038086,0.996019,213.451111
20-05-20,16.888025,9522.981445,0.998948,210.096741
21-05-20,16.122381,9081.761719,1.002001,199.883606
22-05-20,16.639593,9182.577148,1.002287,207.169189
23-05-20,16.588194,9209.287109,1.005538,208.694397
24-05-20,16.083439,8790.368164,1.001089,202.370346
25-05-20,16.400908,8906.93457,1.003199,205.319748
26-05-20,16.212547,8835.052734,0.998008,201.902313
27-05-20,16.493284,9181.017578,1.004554,208.863434
28-05-20,17.05934,9525.750977,1.001153,219.840424
29-05-20,17.04163,9439.124023,1.003355,220.675125
30-05-20,17.743418,9700.414063,1.000403,242.345596
31-05-20,17.040472,9461.058594,0.998033,230.975708
01-06-20,17.914942,10167.26856,1.001121,246.99176
02-06-20,17.239304,9529.803711,0.997524,237.219055
03-06-20,17.545404,9656.717773,1.000006,244.179321
04-06-20,17.565874,9800.636719,1.002509,244.426392
05-06-20,17.688786,9665.533203,1.003026,241.221985
06-06-20,17.535934,9653.679688,0.999303,241.93132
07-06-20,17.447035,9758.852539,1.003014,245.167252
08-06-20,17.39303,9771.489258,1.002137,246.309906
09-06-20,17.435377,9795.700195,1.003469,244.911453
10-06-20,17.410467,9870.094727,1.001436,247.444946
11-06-20,16.308926,9321.78125,1.000601,231.702667
12-06-20,16.66914,9480.84375,1.003115,237.49321
13-06-20,16.823734,9475.277344,1.002078,238.908844
14-06-20,16.656242,9386.788086,1.005447,234.1147
15-06-20,16.384802,9450.702148,1.002178,229.928909
16-06-20,16.421957,9538.024414,1.000333,234.416168
17-06-20,16.402542,9480.254883,1.000372,233.028275
18-06-20,16.20859,9411.84082,1.002018,232.101166
19-06-20,15.907086,9288.018555,0.993829,227.13829
20-06-20,16.04756,9332.34082,0.998884,229.274261
21-06-20,16.001226,9303.629883,1.001363,228.989822
22-06-20,16.475288,9648.717773,0.997925,242.533188
23-06-20,16.422567,9629.658203,1.003038,244.142151
24-06-20,16.026758,9313.610352,1.000303,235.772461
25-06-20,15.922709,9264.813477,1.000102,232.944489
26-06-20,15.749224,9162.917969,0.998956,229.668045
27-06-20,15.185254,9045.390625,1.004031,222.959793
28-06-20,15.420089,9143.582031,1.002515,225.347168
29-06-20,15.505232,9190.854492,1.001984,228.19487
30-06-20,15.413582,9137.993164,0.999904,226.315002
01-07-20,15.82946,9228.325195,1.001561,231.113419
02-07-20,15.53849,9123.410156,1.015718,229.392197
03-07-20,15.291962,9087.303711,0.999521,225.38707
04-07-20,15.552981,9132.488281,1.001078,229.074112
05-07-20,15.480226,9073.942383,0.998899,227.664597
06-07-20,16.29677,9375.474609,1.000236,241.510223
07-07-20,16.770226,9252.277344,0.999207,239.075531
08-07-20,17.227657,9428.333008,0.99986,246.670013
09-07-20,16.884869,9277.967773,1.003075,243.015961
10-07-20,17.261251,9278.807617,0.999986,240.984985
11-07-20,17.622179,9240.34668,1.001052,239.458176
12-07-20,18.236546,9276.5,0.998634,242.131699
13-07-20,18.409563,9243.614258,0.999552,239.604584
14-07-20,18.082909,9243.213867,0.999046,240.211487
15-07-20,17.591215,9192.836914,0.999444,238.423523
16-07-20,17.143843,9132.227539,0.99998,233.640884
17-07-20,17.084974,9151.392578,0.999616,232.773087
18-07-20,17.126711,9159.040039,0.998795,235.48381
19-07-20,17.955778,9185.817383,0.998352,238.487518
20-07-20,17.484709,9164.231445,1.000602,236.153168
21-07-20,17.715408,9374.887695,0.998894,245.016724
22-07-20,18.091908,9525.363281,1.000877,262.190643
23-07-20,18.673296,9581.072266,0.998186,274.689056
24-07-20,19.152901,9536.892578,0.998993,279.215424
25-07-20,19.776423,9677.113281,0.998062,304.056763
26-07-20,19.521025,9905.166992,0.998871,309.643616
27-07-20,19.620329,10990.87305,1.001097,321.514099
28-07-20,20.173548,10912.82324,1.000854,316.657257
29-07-20,19.89559,11100.46777,1.00254,318.190887
30-07-20,20.012735,11111.21387,1.001863,334.586639
31-07-20,20.668146,11323.4668,1.000141,345.554657
01-08-20,21.530432,11759.59277,0.997013,385.199707
02-08-20,20.944887,11053.61426,0.997851,370.671722
03-08-20,22.055012,11246.34863,1.001414,386.295166
04-08-20,22.282585,11205.89258,1.000399,389.875488
05-08-20,23.336218,11747.02246,1.003089,401.590576
06-08-20,22.707661,11779.77344,1.000175,394.961945
07-08-20,22.311546,11601.47266,1.002846,379.512848
08-08-20,22.878119,11754.0459,1.000164,393.987366
09-08-20,22.475536,11675.73926,1.00317,391.120453
10-08-20,22.613796,11878.11133,1.001059,395.887573
11-08-20,21.256945,11410.52539,1.003691,380.384064
12-08-20,21.75145,11584.93457,1.013791,391.02417
13-08-20,22.075544,11784.1377,1.02021,428.741791
14-08-20,23.069792,11768.87109,1.001024,437.397827
15-08-20,23.021751,11865.69824,1.001032,433.354919
16-08-20,23.497103,11892.80371,1.001881,433.786621
17-08-20,23.510103,12254.40234,1.000111,429.53125
18-08-20,23.067181,11991.2334,1.00272,423.669312
19-08-20,22.310396,11758.2832,1.002408,406.463776
20-08-20,23.092575,11878.37207,1.000409,416.439789
21-08-20,22.128994,11592.48926,1.004549,389.126343
22-08-20,22.23982,11681.8252,1.000956,395.835144
23-08-20,21.870842,11664.84766,1.002345,391.384491
24-08-20,22.605852,11774.5957,1.001976,408.144196
25-08-20,21.475367,11366.13477,1.002365,384.001038
26-08-20,22.277306,11488.36328,1.001853,386.466125
27-08-20,23.080753,11323.39746,1.002206,382.632629
28-08-20,23.133812,11542.5,1.002036,395.874664
29-08-20,23.011272,11506.86523,1.002824,399.921478
30-08-20,23.644915,11711.50586,1.001173,428.395721
31-08-20,23.19305,11680.82031,1.003191,435.079742
01-09-20,24.822096,11970.47852,1.003957,477.05191
02-09-20,24.690363,11414.03418,1.001828,440.040497
03-09-20,20.619886,10245.29688,1.005495,385.671936
04-09-20,21.056107,10511.81348,1.003686,388.24115
05-09-20,19.478767,10169.56738,1.000151,335.260071
06-09-20,23.190662,10280.35156,1.002838,353.362274
07-09-20,22.393307,10369.56348,1.000537,352.673492
08-09-20,23.190248,10131.5166,1.001025,337.602112
09-09-20,24.530291,10242.34766,1.002102,351.110016
10-09-20,24.559889,10363.13867,1.001457,368.101898
11-09-20,25.451414,10400.91504,1.001517,374.695587
12-09-20,28.529848,10442.1709,1.001307,387.183105
13-09-20,31.05863,10323.75586,0.999213,365.570007
14-09-20,31.178642,10680.83789,1.001289,377.26886
15-09-20,27.202391,10796.95117,1.002487,364.839203
16-09-20,27.964594,10974.90527,1.003444,365.812286
17-09-20,26.99313,10948.99023,1.001878,389.019226
18-09-20,27.399481,10944.58594,0.999502,384.364532
19-09-20,27.251112,11094.34668,1.002017,385.544373
20-09-20,26.392134,10938.27148,1.002654,371.052826
21-09-20,23.267879,10462.25977,1.003263,341.786072
22-09-20,24.10074,10538.45996,1.001444,344.503174
23-09-20,22.856977,10246.18652,1.000923,321.116302
24-09-20,24.613825,10760.06641,1.001268,349.355591
25-09-20,24.663387,10692.7168,1.001468,352.183258
26-09-20,26.221182,10750.72363,1.001832,355.488098
27-09-20,26.199217,10775.26953,1.001486,357.438507
28-09-20,26.979607,10709.65234,1.001121,355.159424
29-09-20,28.842979,10844.64063,1.000854,359.757385
30-09-20,29.290876,10784.49121,1.001364,359.937866
01-10-20,27.431973,10619.45215,1.000699,353.205902
02-10-20,27.285681,10575.97461,1.001049,346.238922
03-10-20,28.202311,10549.3291,1.001108,346.522095
04-10-20,28.943853,10669.58301,1.001359,352.57901
05-10-20,28.659103,10793.33984,1.000866,353.956787
06-10-20,27.714527,10604.40625,1.000448,340.815857
07-10-20,27.704836,10668.96875,1.000707,341.808655
08-10-20,27.705311,10915.68555,1.001252,350.766144
09-10-20,28.44503,11064.45801,1.00118,365.590485
10-10-20,28.312487,11296.36133,1.000884,370.96759
11-10-20,28.55558,11384.18164,1.000734,375.142059
12-10-20,30.714682,11555.36328,1.001302,387.731262
13-10-20,30.706745,11425.89941,1.001111,381.190765
14-10-20,30.912119,11429.50684,1.001007,379.484039
15-10-20,31.295864,11495.34961,1.000796,377.441833
16-10-20,29.9949,11322.12305,1.001047,366.229004
17-10-20,30.248236,11358.10156,1.000697,368.855927
18-10-20,30.659523,11483.35938,1.000784,378.213684
19-10-20,29.925068,11742.03711,1.000853,379.935608
20-10-20,28.803444,11916.33496,1.000985,369.136902
21-10-20,29.772354,12823.68945,1.001834,392.189972
22-10-20,30.658192,12965.8916,1.001091,413.77298
23-10-20,30.633961,12931.53906,1.000657,409.766693
24-10-20,30.588821,13108.0625,1.000909,412.457611
25-10-20,30.10754,13031.17383,1.000721,406.217773
26-10-20,31.15456,13075.24805,1.000958,393.888306
27-10-20,31.638721,13654.21875,1.000223,403.99704
28-10-20,30.363506,13271.28516,1.00034,388.650757
29-10-20,29.842478,13437.88281,1.000349,386.730103
30-10-20,28.508411,13546.52246,1.000904,382.819977
31-10-20,28.431215,13780.99512,1.0002,386.590332
01-11-20,28.461565,13737.10938,1.000379,396.358185
02-11-20,27.88393,13550.48926,1.000523,383.156738
03-11-20,26.85705,13950.30078,1.000552,387.602173
04-11-20,26.931515,14133.70703,1.001079,402.141998
05-11-20,27.675859,15579.84863,1.00042,414.067352
06-11-20,29.018,15565.88086,1.000296,454.719299
07-11-20,27.738094,14833.75391,1.001576,435.713135
08-11-20,28.305117,15479.56738,1.000846,453.554779
09-11-20,28.018021,15332.31543,1.000653,444.163055
10-11-20,28.193342,15290.90234,1.001127,449.679626
11-11-20,27.956179,15701.33984,1.000985,462.960541
12-11-20,27.614807,16276.34375,1.000509,461.00528
13-11-20,28.182173,16317.80859,1.000345,474.626434
14-11-20,27.936201,16068.13867,1.000288,460.149841
15-11-20,27.621031,15955.58789,1.000647,447.559082
16-11-20,28.06411,16716.11133,1.000412,459.940308
17-11-20,28.530581,17645.40625,1.00084,480.360077
18-11-20,28.076162,17804.00586,1.000399,479.48407
19-11-20,28.094105,17817.08984,1.000781,471.630432
20-11-20,28.891996,18621.31445,1.000427,509.744568
21-11-20,30.391291,18642.23242,0.998874,549.486633
22-11-20,29.925072,18370.00195,0.999203,558.068115
23-11-20,30.965368,18364.12109,1.000092,608.454041
24-11-20,33.80315,19107.46484,0.999808,603.897766
25-11-20,31.34296,18732.12109,1.000053,570.686646
26-11-20,28.204916,17150.62305,1.002035,518.801147
27-11-20,28.475187,17108.40234,1.0012,517.493713
28-11-20,29.143911,17717.41406,1.001001,538.229797
29-11-20,30.117603,18177.48438,1.00089,575.758057
30-11-20,31.392786,19625.83594,1.000377,614.842529
01-12-20,30.108303,18802.99805,1.001323,587.324158
02-12-20,30.297361,19201.0918,1.000671,598.352356
03-12-20,30.70443,19445.39844,1.00084,616.70874
04-12-20,29.072208,18699.76563,1.000237,569.354187
05-12-20,29.729488,19154.23047,1.000545,596.595459
06-12-20,29.540804,19345.12109,1.001203,601.908997
07-12-20,29.378136,19191.63086,1.000571,591.843384
08-12-20,27.636307,18321.14453,0.999706,554.827759
09-12-20,28.129305,18553.91602,1.000384,573.479126
10-12-20,27.69619,18264.99219,1.000253,559.678528
11-12-20,27.361004,18058.9043,1.000458,545.797363
12-12-20,28.164452,18803.65625,1.000464,568.567322
13-12-20,29.101692,19142.38281,0.999952,589.663208
14-12-20,30.029577,19246.64453,0.999932,586.011169
15-12-20,29.547283,19417.07617,1.000917,589.355591
16-12-20,30.490194,21310.59766,0.999979,636.181824
17-12-20,30.184134,22805.16211,0.999838,642.868958
18-12-20,30.93836,23137.96094,1.000868,654.811951
19-12-20,33.296356,23869.83203,1.000499,659.297913
20-12-20,34.160297,23477.29492,0.999643,638.290833
21-12-20,32.269527,22803.08203,0.999827,609.817871
22-12-20,33.482948,23783.0293,0.999641,634.854187
23-12-20,31.097898,23241.3457,0.999426,583.7146
24-12-20,32.500591,23735.94922,0.999931,611.607178
25-12-20,33.164974,24664.79102,1.000168,626.410706
26-12-20,33.477139,26437.03711,0.998481,635.835815
27-12-20,33.511848,26272.29492,0.998854,682.642334
28-12-20,35.844559,27084.80859,0.998603,730.397339
29-12-20,38.952831,27362.4375,0.99859,731.520142
30-12-20,38.136299,28840.95313,1.000275,751.618958
31-12-20,37.376034,29001.7207,1.000598,737.803406
01-01-21,37.90501,29374.15234,1.001916,730.367554
02-01-21,38.241592,32127.26758,1.0006,774.534973
03-01-21,41.148979,32782.02344,1.000514,975.50769
04-01-21,40.926353,31971.91406,1.000128,1040.233032
05-01-21,41.7346,33992.42969,1.002202,1100.006104
06-01-21,42.165955,36824.36328,1.001528,1207.112183
07-01-21,43.44949,39371.04297,1.0004,1225.678101
08-01-21,42.395317,40797.60938,1.000045,1224.197144
09-01-21,43.932854,40254.54688,1.002947,1281.077271
10-01-21,42.448475,38356.44141,1.000223,1262.246704
11-01-21,38.371361,35566.65625,1.000587,1090.145386
12-01-21,38.11161,33922.96094,1.000414,1043.43457
13-01-21,40.135933,37316.35938,1.000017,1130.73938
14-01-21,41.793682,39187.32813,0.998964,1218.453003
15-01-21,40.91898,36825.36719,0.999845,1171.834595
16-01-21,43.171825,36178.14063,1.000195,1233.537598
17-01-21,45.684612,35791.27734,1.000414,1230.172241
18-01-21,45.353172,36630.07422,1.000804,1257.279541
19-01-21,42.785534,36069.80469,1.000436,1377.295898
20-01-21,42.606899,35547.75,1.000686,1382.274048
21-01-21,38.64584,30825.69922,0.999696,1121.570923
22-01-21,40.857571,33005.76172,1.00135,1236.512207
23-01-21,40.815479,32067.64258,1.000555,1230.990601
24-01-21,41.881607,32289.37891,1.001417,1391.609375
25-01-21,41.623703,32366.39258,0.999971,1324.414795
26-01-21,41.694736,32569.84961,1.001081,1357.058105
27-01-21,40.994877,30432.54688,1.001764,1253.187134
28-01-21,42.529106,33466.09766,1.001543,1332.492188
29-01-21,42.852348,34316.38672,1.000486,1382.522827
30-01-21,44.772278,34269.52344,1.001243,1376.115479
31-01-21,44.275993,33114.35938,1.000808,1314.986206
01-02-21,51.607697,33537.17578,1.000645,1369.040527
02-02-21,51.056404,35510.28906,1.001427,1515.193726
03-02-21,52.242638,37472.08984,1.001013,1660.909546
04-02-21,55.925125,36926.06641,1.000804,1594.762695
05-02-21,67.845566,38144.30859,1.000131,1718.650879
06-02-21,72.733597,39266.01172,1.001129,1677.846802
07-02-21,68.590523,38903.44141,1.001211,1614.227783
08-02-21,79.831543,46196.46484,1.001044,1746.616821
09-02-21,107.899277,46481.10547,1.001232,1768.035034
10-02-21,129.737152,44918.18359,1.000722,1744.243408
11-02-21,124.434258,47909.33203,1.000367,1783.797974
12-02-21,136.948395,47504.85156,1.001692,1843.532593
13-02-21,133.452682,47105.51563,1.000828,1814.109863
14-02-21,136.426514,48717.28906,1.000746,1805.084106
15-02-21,129.567886,47945.05859,1.00025,1779.791016
16-02-21,130.056656,49199.87109,1.000403,1781.067505
17-02-21,164.670105,52149.00781,1.00037,1848.458252
18-02-21,195.932632,51679.79688,1.000019,1937.449219
19-02-21,332.616028,55888.13281,1.000201,1960.164795
20-02-21,255.953735,56099.51953,1.000068,1919.534058
21-02-21,293.923584,57539.94531,1.000332,1935.601074
22-02-21,267.509796,54207.32031,1.000111,1781.99292
23-02-21,230.994247,48824.42578,1.000032,1570.203979
24-02-21,254.359131,49705.33203,1.000757,1626.575684
25-02-21,233.885956,47093.85156,1.000149,1475.703735
26-02-21,221.680435,46339.76172,0.999994,1446.033691
27-02-21,225.249435,46188.45313,1.001178,1459.973145
28-02-21,209.574402,45137.76953,1.002115,1416.04895
01-03-21,254.629929,49631.24219,1.000409,1564.707642
02-03-21,239.522537,48378.98828,1.001022,1492.608765
03-03-21,241.09137,50538.24219,1.000417,1575.853149
04-03-21,229.945068,48561.16797,1.000074,1541.914307
05-03-21,226.372559,48927.30469,1.000819,1533.275024
06-03-21,226.666855,48912.38281,1.00019,1654.741577
07-03-21,240.179214,51206.69141,1.000318,1723.153809
08-03-21,240.318665,52246.52344,1.000432,1834.727905
09-03-21,293.463226,54824.11719,1.000668,1868.048828
10-03-21,279.358032,56008.55078,1.000526,1799.16626
11-03-21,289.790802,57805.12109,1.000583,1826.194946
12-03-21,263.685822,57332.08984,1.000343,1772.102417
13-03-21,276.104706,61243.08594,0.999845,1924.685425
14-03-21,264.636749,59302.31641,0.999791,1854.564331
15-03-21,254.660828,55907.19922,1.000374,1791.702271
16-03-21,258.100677,56804.90234,1.000058,1806.971802
17-03-21,269.854858,58870.89453,0.999083,1823.449341
18-03-21,261.704803,57858.92188,1.000925,1782.855103
19-03-21,264.057434,58346.65234,1.002632,1817.624146
20-03-21,264.741669,58313.64453,1.00223,1812.634644
21-03-21,264.886169,57523.42188,1.00128,1788.217041
22-03-21,255.900192,54529.14453,1.001811,1691.333984
23-03-21,255.689667,54738.94531,1.001195,1678.650146
24-03-21,249.851379,52774.26563,1.001301,1593.413452
25-03-21,234.885437,51704.16016,1.001016,1595.359253
26-03-21,255.104568,55137.3125,1.001222,1702.842041
27-03-21,269.102325,55973.51172,1.000601,1716.494629
28-03-21,269.191284,55950.74609,1.000607,1691.355957
29-03-21,275.21463,57750.19922,0.999759,1819.684937
30-03-21,311.426483,58917.69141,1.000896,1846.033691
31-03-21,302.063446,58918.83203,1.00002,1918.362061
01-04-21,335.212891,59095.80859,1.000464,1977.276855
02-04-21,339.007721,59384.3125,1.000576,2143.225586
03-04-21,323.133514,57603.89063,1.003085,2028.422485
04-04-21,351.62439,58758.55469,1.003402,2093.122803
05-04-21,367.772491,59057.87891,1.000254,2107.887207
06-04-21,403.590759,58192.35938,1.00168,2118.378906
07-04-21,374.658813,56048.9375,1.001855,1971.077271
08-04-21,418.038391,58323.95313,1.000167,2088.57373
09-04-21,453.178467,58245.00391,1.001098,2072.108887
10-04-21,472.560333,59793.23438,1.000469,2135.942139
11-04-21,525.385559,60204.96484,1.002177,2157.656982
12-04-21,598.722656,59893.45313,0.999937,2139.353271
13-04-21,549.586548,63503.45703,0.999275,2299.187744
14-04-21,549.591858,63109.69531,1.00159,2435.10498
15-04-21,542.63208,63314.01172,1.000877,2519.116211
16-04-21,510.220184,61572.78906,1.002345,2431.946533
17-04-21,520.416748,60683.82031,1.01153,2344.89502
18-04-21,481.034241,56216.18359,1.000104,2237.136963
19-04-21,505.092926,55724.26563,0.999865,2166.188721
20-04-21,587.029114,56473.03125,0.999938,2330.210938
21-04-21,546.02356,53906.08984,0.999932,2364.751709
22-04-21,506.013,51762.27344,1.00009,2403.535156
23-04-21,526.565247,51093.65234,1.000162,2363.586182
24-04-21,496.41507,50050.86719,0.999909,2211.625732
25-04-21,505.077057,49004.25391,0.999934,2316.05957
26-04-21,534.577698,54021.75391,1.000042,2534.481689
27-04-21,568.47052,55033.11719,1.000062,2662.865234
28-04-21,562.632568,54824.70313,1.000052,2746.380127
29-04-21,599.706543,53555.10938,0.999966,2756.876953
30-04-21,624.080566,57750.17578,1.000009,2773.207031
01-05-21,619.347229,57828.05078,1.000111,2945.892822
02-05-21,622.101013,56631.07813,1.000132,2952.056152
03-05-21,675.684082,57200.29297,1.000165,3431.086182
04-05-21,611.200317,53333.53906,0.999951,3253.629395
05-05-21,651.66272,57424.00781,0.999875,3522.783203
06-05-21,633.280396,56396.51563,1.000169,3490.880371
07-05-21,624.563293,57356.40234,1.000166,3484.729004
08-05-21,646.10083,58803.77734,1.000078,3902.647705
09-05-21,662.228577,58232.31641,1.000058,3928.844727
10-05-21,631.35199,55859.79688,1.000137,3952.293945
11-05-21,672.333923,56704.57422,0.999967,4168.701172
12-05-21,588.185181,49150.53516,0.999993,3785.848633
13-05-21,571.434509,49716.19141,0.999868,3715.148438
14-05-21,603.128296,49880.53516,0.999965,4079.057373
15-05-21,563.041687,46760.1875,0.999823,3638.12207
16-05-21,562.829834,46456.05859,0.999975,3587.506104
17-05-21,511.964386,43537.51172,0.999802,3282.397705
18-05-21,508.022308,42909.40234,1.00068,3380.070068
19-05-21,339.025482,37002.44141,1.001616,2460.679199
20-05-21,393.612762,40782.73828,1.001852,2784.294189
21-05-21,326.296326,37304.69141,1.001888,2430.621338
22-05-21,299.504089,37536.63281,1.001555,2295.705566
23-05-21,262.945679,34770.58203,1.001674,2109.579834
24-05-21,345.309631,38705.98047,1.001472,2643.591064
25-05-21,344.113983,38402.22266,1.001149,2706.628906
26-05-21,379.854309,39294.19922,1.001766,2888.69873
27-05-21,367.655792,38436.96875,1.000991,2736.488525
28-05-21,329.879913,35697.60547,1.000481,2419.90625
29-05-21,305.052155,34616.06641,1.000392,2279.51416
30-05-21,325.784027,35678.12891,1.000063,2390.30542
31-05-21,354.329346,37332.85547,1.000533,2714.945313
01-06-21,362.794647,36684.92578,1.000109,2633.518311
02-06-21,401.262329,37575.17969,1.00055,2706.125
03-06-21,427.807922,39208.76563,1.000571,2855.126465
04-06-21,391.395325,36894.40625,1.001038,2688.195068
05-06-21,390.431854,35551.95703,1.000313,2630.576904
06-06-21,393.820221,35862.37891,1.00084,2715.092773
07-06-21,357.310211,33560.70703,1.000789,2590.263184
08-06-21,354.001373,33472.63281,1.00119,2517.438721
09-06-21,375.73468,37345.12109,1.000572,2608.26709
10-06-21,352.183197,36702.59766,1.000738,2471.518555
11-06-21,345.933685,37334.39844,1.000511,2353.768799
12-06-21,343.741028,35552.51563,1.00114,2372.484375
13-06-21,366.648956,39097.85938,0.999733,2508.391602
14-06-21,368.792755,40218.47656,1.000626,2537.891113
15-06-21,373.566162,40406.26953,1.000377,2610.936768
16-06-21,347.033447,38347.0625,1.000023,2367.663574
17-06-21,352.738525,38053.50391,1.000745,2372.001953
18-06-21,336.809692,35787.24609,1.001749,2231.733154
19-06-21,335.71283,35615.87109,1.001451,2178.499023
20-06-21,340.0672,35698.29688,1.000875,2246.364502
21-06-21,270.984436,31676.69336,1.000089,1888.44751
22-06-21,261.818085,32505.66016,1.001002,1874.950073
23-06-21,294.490295,33723.02734,1.000746,1989.736328
24-06-21,308.397034,34662.4375,1.000149,1988.456299
25-06-21,281.620911,31637.7793,0.999845,1813.217285
26-06-21,279.438049,32186.27734,1.001214,1829.239258
27-06-21,290.567017,34649.64453,1.000642,1978.894653
28-06-21,289.534119,34434.33594,0.999928,2079.657471
29-06-21,300.211548,35867.77734,1.000024,2160.768311
30-06-21,303.295868,35040.83594,1.000216,2274.547607
01-07-21,288.218414,33572.11719,1.000226,2113.605469
02-07-21,287.423096,33897.04688,1.000033,2150.040283
03-07-21,298.237122,34668.54688,0.999956,2226.114258
04-07-21,307.732086,35287.78125,0.999501,2321.724121
05-07-21,302.377991,33746.00391,1.000667,2198.58252
06-07-21,320.934814,34235.19531,1.00009,2324.679443
07-07-21,327.522461,33855.32813,1.000708,2315.161865
08-07-21,310.427124,32877.37109,0.9999,2120.026367
09-07-21,316.484528,33798.01172,0.999639,2146.692383
10-07-21,316.140137,33520.51953,0.99998,2111.403564
11-07-21,322.031647,34240.1875,1.000225,2139.664795
12-07-21,316.328186,33155.84766,1.000271,2036.721069
13-07-21,308.811157,32702.02539,0.9999,1940.083984
14-07-21,309.406372,32822.34766,1.000135,1994.331299
15-07-21,315.244019,31780.73047,0.999947,1911.175659
16-07-21,302.985596,31421.53906,1.000373,1880.382935
17-07-21,300.497925,31533.06836,1.000552,1898.825195
18-07-21,302.480499,31796.81055,1.000621,1895.552124
19-07-21,280.018616,30817.83203,1.000093,1817.296631
20-07-21,264.782379,29807.34766,1.000297,1787.510742
21-07-21,292.531372,32110.69336,1.000266,1990.970825
22-07-21,293.641144,32313.10547,1.000217,2025.202759
23-07-21,299.28299,33581.55078,1.000326,2124.776611
24-07-21,302.071869,34292.44531,1.000698,2189.21875
25-07-21,302.436157,35350.1875,1.000163,2191.373779
26-07-21,304.478241,37337.53516,1.000254,2233.366699
27-07-21,313.6026,39406.94141,1.000132,2298.333496
28-07-21,313.42865,39995.90625,1.000117,2296.54541
29-07-21,316.749451,40008.42188,1.000278,2380.956787
30-07-21,322.909363,42235.54688,1.000283,2466.961426
31-07-21,333.549591,41626.19531,1.000272,2536.209961
01-08-21,333.484009,39974.89453,1.000341,2561.852051
02-08-21,331.103119,39201.94531,1.00054,2610.15332
03-08-21,322.747742,38152.98047,1.000304,2502.349609
04-08-21,334.918793,39747.50391,1.000094,2724.619873
05-08-21,337.873871,40869.55469,1.000097,2827.328857
06-08-21,342.136993,42816.5,1.000382,2890.94165
07-08-21,355.741364,44555.80078,1.000386,3157.23877
08-08-21,342.064758,43798.11719,1.000249,3013.732666
09-08-21,354.966827,46365.40234,1.000153,3167.856201
10-08-21,371.954376,45585.03125,1.000315,3141.691162
11-08-21,391.75705,45593.63672,1.000535,3164.245117
12-08-21,385.81897,44428.28906,1.000542,3043.414307
13-08-21,410.944885,47793.32031,1.00026,3322.21167
14-08-21,409.034485,47096.94531,1.000586,3265.443359
15-08-21,414.595032,47047.00391,1.000643,3310.50415
16-08-21,417.470856,46004.48438,1.000438,3156.509521
17-08-21,401.908905,44695.35938,1.000219,3014.845947
18-08-21,398.251465,44801.1875,1.000474,3020.089844
19-08-21,430.988861,46717.57813,0.999685,3182.702148
20-08-21,454.93631,49339.17578,1.000668,3286.935303
21-08-21,448.920258,48905.49219,1.00071,3226.083984
22-08-21,449.053497,49321.65234,1.000879,3242.115479
23-08-21,499.890594,49546.14844,1.000801,3319.257324
24-08-21,471.595459,47706.11719,1.000263,3172.456299
25-08-21,502.786255,48960.78906,1.000359,3224.915283
26-08-21,479.006104,46942.21875,1.00043,3100.325439
27-08-21,494.498688,49058.66797,1.000355,3270.60083
28-08-21,486.19693,48902.40234,1.000627,3244.40332
29-08-21,480.28302,48829.83203,1.001225,3227.002686
30-08-21,459.490753,47054.98438,1.000508,3224.374268
31-08-21,464.418732,47166.6875,1.000529,3433.732666
01-09-21,490.068726,48847.02734,1.000321,3834.828125
02-09-21,483.921051,49327.72266,1.000281,3790.98999
03-09-21,488.604706,50025.375,1.00022,3940.614746
04-09-21,498.07843,49944.625,1.000384,3887.828369
05-09-21,504.619873,51753.41016,1.000261,3952.133545
06-09-21,495.925018,52633.53516,0.999872,3928.379395
07-09-21,417.508789,46811.12891,1.000493,3426.394287
08-09-21,415.113159,46091.39063,1.00024,3497.315186
09-09-21,421.27002,46391.42188,1.000146,3427.340088
10-09-21,401.621796,44883.91016,1.00032,3211.505859
11-09-21,405.527374,45201.45703,1.000979,3270.278076
12-09-21,416.683228,46063.26953,0.999698,3410.134521
13-09-21,399.063446,44963.07422,1.000235,3285.511719
14-09-21,414.236237,47092.49219,1.000481,3429.169678
15-09-21,431.423035,48176.34766,1.00046,3615.282715
16-09-21,424.649231,47783.35938,1.000451,3571.294922
17-09-21,406.632813,47267.51953,0.999648,3398.538818
18-09-21,410.809296,48278.36328,0.999473,3432.018311
19-09-21,408.471649,47260.21875,1.000442,3329.447998
20-09-21,361.965912,42843.80078,0.999916,2958.993408
21-09-21,344.534607,40693.67578,1.000088,2764.431152
22-09-21,379.440338,43574.50781,1.00004,3077.86792
23-09-21,383.820404,44895.09766,1.000508,3155.523682
24-09-21,355.316284,42839.75,1.00082,2931.669189
25-09-21,349.880096,42716.59375,1.000989,2925.565674
26-09-21,344.181763,43208.53906,1.000725,3062.265381
27-09-21,336.191223,42235.73047,1.000513,2934.138916
28-09-21,333.032593,41034.54297,1.000298,2807.296631
29-09-21,367.989594,41564.36328,1.000282,2853.143311
30-09-21,387.057343,43790.89453,1.000155,3001.678955
01-10-21,421.643188,48116.94141,1.000178,3307.516113
02-10-21,428.098328,47711.48828,1.000284,3391.694336
03-10-21,430.50882,48199.95313,1.000201,3418.358643
04-10-21,425.748901,49112.90234,0.999838,3380.089111
05-10-21,442.706146,51514.8125,1.00044,3518.518555
06-10-21,435.401367,55361.44922,1.000317,3580.562012
07-10-21,438.761749,53805.98438,1.000375,3587.974854
08-10-21,419.102051,53967.84766,1.000116,3563.759277
09-10-21,421.549469,54968.22266,1.000046,3575.716797
10-10-21,405.069305,54771.57813,1.001018,3425.852783
11-10-21,413.456207,57484.78906,1.000696,3545.354004
12-10-21,443.867523,56041.05859,1.000096,3492.573242
13-10-21,470.749695,57401.09766,1.000097,3606.20166
14-10-21,472.0224,57321.52344,1.000034,3786.01416
15-10-21,473.702637,61593.94922,0.999152,3862.634766
16-10-21,465.642456,60892.17969,1.00004,3830.38208
17-10-21,470.625549,61553.61719,1.00028,3847.104492
18-10-21,485.111023,62026.07813,1.000019,3748.760254
19-10-21,488.148865,64261.99219,1.000117,3877.650879
20-10-21,501.020325,65992.83594,0.99994,4155.992188
21-10-21,471.256927,62210.17188,1.000022,4054.322754
22-10-21,478.643158,60692.26563,0.999879,3970.181885
23-10-21,485.906433,61393.61719,1.000823,4171.663574
24-10-21,476.633118,60930.83594,1.000223,4087.903076
25-10-21,484.645081,63039.82422,0.999375,4217.876953
26-10-21,478.025055,60363.79297,1.000228,4131.102051
27-10-21,449.007996,58482.38672,1.000791,3930.257324
28-10-21,492.015533,60622.13672,1.000484,4287.318848
29-10-21,529.622131,62227.96484,1.000049,4414.746582
30-10-21,527.921204,61888.83203,1.000518,4325.650391
31-10-21,524.364441,61318.95703,1.000376,4288.074219
01-11-21,551.25592,61004.40625,1.000291,4324.626953
02-11-21,554.447632,63226.40234,1.000815,4584.798828
03-11-21,568.578796,62970.04688,1.000678,4607.193848
04-11-21,559.737305,61452.23047,1.000857,4537.324219
05-11-21,608.648071,61125.67578,1.001553,4486.243164
06-11-21,636.113953,61527.48047,1.001454,4521.581055
07-11-21,650.454041,63326.98828,1.001517,4620.554688
08-11-21,654.315002,67566.82813,1.000443,4812.087402
09-11-21,635.190613,66971.82813,1.000202,4735.068848
10-11-21,615.278076,64995.23047,1.000097,4636.174316
11-11-21,629.892334,64949.96094,1.000644,4730.384277
12-11-21,626.642517,64155.94141,1.000114,4667.115234
13-11-21,650.104126,64469.52734,1.000848,4651.460449
14-11-21,650.918091,65466.83984,1.000367,4626.358887
15-11-21,633.048645,63557.87109,1.001502,4557.503906
16-11-21,589.822876,60161.24609,1.000675,4216.365234
17-11-21,578.092773,60368.01172,1.000063,4287.59375
18-11-21,532.23761,56942.13672,0.99997,4000.650879
19-11-21,581.530823,58119.57813,1.00082,4298.306641
20-11-21,603.840027,59697.19531,1.000362,4409.931152
21-11-21,585.29425,58730.47656,1.000873,4269.73291
22-11-21,559.127014,56289.28906,1.000451,4088.457764
23-11-21,591.439575,57569.07422,1.000125,4340.763672
24-11-21,581.395325,56280.42578,1.000697,4239.981445
25-11-21,603.730225,57274.67969,0.999601,4274.743164
26-11-21,585.147339,53569.76563,1.000367,4030.908936
27-11-21,600.336792,54815.07813,1.001099,4096.912109
28-11-21,611.366821,57248.45703,1.000125,4294.453613
29-11-21,624.310059,57806.56641,1.000526,4445.10498
30-11-21,622.669861,57005.42578,1.000286,4631.479004
01-12-21,627.971558,57229.82813,1.000255,4586.990234
02-12-21,619.470154,56477.81641,1.000174,4511.302246
03-12-21,594.635986,53598.24609,1.000617,4220.706055
04-12-21,569.077271,49200.70313,1.000007,4119.587402
05-12-21,557.783081,49368.84766,1.00063,4198.322754
06-12-21,589.256165,50582.625,1.001362,4358.737305
07-12-21,579.68988,50700.08594,1.000972,4315.061523
08-12-21,607.592773,50504.79688,0.999366,4439.35791
09-12-21,571.648987,47672.12109,1.000882,4119.815918
10-12-21,552.966858,47243.30469,1.00174,3908.496094
11-12-21,564.32251,49362.50781,1.000556,4084.452393
12-12-21,570.823975,50098.33594,1.001051,4134.453125
13-12-21,521.011597,46737.48047,1.000131,3784.226807
14-12-21,511.22937,46612.63281,1.000648,3745.44043
15-12-21,541.026978,48896.72266,1.000402,4018.388672
16-12-21,526.246521,47665.42578,1.00026,3962.469727
17-12-21,525.706299,46202.14453,1.000838,3879.486572
18-12-21,533.891357,46848.77734,1.000183,3960.860107
19-12-21,529.972046,46707.01563,0.999988,3922.592529
20-12-21,523.162476,46880.27734,0.998971,3933.844482
21-12-21,528.710999,48936.61328,1.000397,4020.26001
22-12-21,533.644958,48628.51172,1.000332,3982.099609
23-12-21,548.72583,50784.53906,1.000388,4108.015625
24-12-21,541.902039,50822.19531,1.001202,4047.98291
25-12-21,547.326233,50429.85938,0.999923,4093.281006
26-12-21,546.994995,50809.51563,1.000449,4067.328125
27-12-21,562.641479,50640.41797,0.999944,4037.547607
28-12-21,534.92804,47588.85547,1.001168,3800.893066
29-12-21,514.000793,46444.71094,1.000294,3628.531738
30-12-21,518.909729,47178.125,1.001036,3713.852051
31-12-21,511.708313,46306.44531,1.000189,3682.632813
01-01-22,527.352722,47686.8125,1.0005,3769.697021
02-01-22,531.396667,47345.21875,1.00046,3829.564941
03-01-22,512.135986,46458.11719,1.000165,3761.380371
04-01-22,507.506104,45897.57422,1.000208,3794.056641
05-01-22,475.056946,43569.00391,1.000122,3550.386963
06-01-22,473.275604,43160.92969,1.000195,3418.408203
07-01-22,447.788483,41557.90234,1.000252,3193.210449
08-01-22,430.246155,41733.94141,1.000097,3091.972656
09-01-22,438.80307,41911.60156,1.000257,3157.751465
10-01-22,424.933777,41821.26172,1.000181,3083.0979
11-01-22,463.518311,42735.85547,1.000362,3238.111572
12-01-22,487.007416,43949.10156,1.00029,3372.258301
13-01-22,475.029114,42591.57031,1.000405,3248.288574
14-01-22,489.867432,43099.69922,1.000283,3310.001465
15-01-22,494.988068,43177.39844,1.000642,3330.530762
16-01-22,498.427917,43113.87891,1.000417,3350.921875
17-01-22,475.709869,42250.55078,1.000368,3212.304932
18-01-22,472.005066,42375.63281,1.00042,3164.025146
19-01-22,462.822083,41744.32813,1.00049,3095.825928
20-01-22,440.005432,40680.41797,1.000257,3001.120117
21-01-22,383.073914,36457.31641,1.000177,2557.931641
22-01-22,358.096161,35030.25,1.000158,2405.181152
23-01-22,383.93396,36276.80469,1.000491,2535.039063
24-01-22,371.368958,36654.32813,1.000439,2440.352295
25-01-22,384.619354,36954.00391,1.000604,2455.935059
26-01-22,375.755463,36852.12109,1.00063,2468.030273
27-01-22,390.088287,37138.23438,1.000344,2423.001221
28-01-22,386.084381,37784.33203,1.000345,2547.092041
29-01-22,389.132782,38138.17969,1.000362,2597.084717
30-01-22,377.612915,37917.60156,1.000341,2603.466553
31-01-22,375.277313,38483.125,1.000485,2688.278809
01-02-22,385.463806,38743.27344,1.000426,2792.117188
02-02-22,367.47168,36952.98438,1.00038,2682.854004
03-02-22,370.877747,37154.60156,1.000386,2679.162598
04-02-22,399.029602,41500.875,1.000563,2983.586914
05-02-22,414.200012,41441.16406,1.000595,3014.648193
06-02-22,419.545563,42412.43359,1.000679,3057.476074
07-02-22,433.229279,43840.28516,1.000555,3142.470703
08-02-22,408.776764,44118.44531,1.000619,3122.608643
09-02-22,422.465546,44338.79688,1.000744,3239.457031
10-02-22,415.119232,43565.11328,1.000726,3077.482178
11-02-22,400.422394,42407.9375,1.000722,2927.383545
12-02-22,403.38974,42244.46875,1.000601,2917.362793
13-02-22,398.88678,42197.51563,1.000456,2883.463379
14-02-22,403.660797,42586.91797,1.000513,2933.479004
15-02-22,432.409393,44575.20313,1.000585,3179.877197
16-02-22,427.918121,43961.85938,1.000397,3127.830078
17-02-22,402.450043,40538.01172,1.000515,2881.481934
18-02-22,399.569183,40030.97656,1.000559,2785.727539
19-02-22,400.043579,40122.15625,1.000576,2763.701172
20-02-22,380.825928,38431.37891,1.000408,2628.648438
21-02-22,356.661255,37075.28125,1.000502,2573.816162
22-02-22,374.307465,38286.02734,1.000704,2639.299316
23-02-22,366.53949,37296.57031,1.000498,2590.359619
24-02-22,361.23465,38332.60938,1.000636,2598.067139
25-02-22,374.914948,39214.21875,1.000474,2764.535645
26-02-22,373.638763,39105.14844,1.000397,2781.111816
27-02-22,360.531036,37709.78516,1.000491,2621.801758
28-02-22,395.612427,43193.23438,1.000351,2919.201172
01-03-22,408.4823,44354.63672,1.000452,2972.485107
02-03-22,409.000305,43924.11719,1.000467,2950.118408
03-03-22,402.55069,42451.78906,1.000017,2834.468994
04-03-22,374.280884,39137.60547,1.000197,2617.156006
05-03-22,384.873352,39400.58594,1.000275,2664.831055
06-03-22,375.0112,38419.98438,1.000244,2555.037354
07-03-22,381.344635,38062.03906,1.000123,2497.77124
08-03-22,381.958557,38737.26953,1.000282,2576.747559
09-03-22,393.555756,41982.92578,1.000294,2729.783447
10-03-22,372.159027,39437.46094,1.000565,2608.048584
11-03-22,372.184052,38794.97266,1.0002,2559.562988
12-03-22,372.730377,38904.01172,1.000081,2574.75415
13-03-22,361.849823,37849.66406,1.000199,2518.94458
14-03-22,373.466156,39666.75391,1.000219,2590.696045
15-03-22,371.628845,39338.78516,1.000334,2620.149658
16-03-22,385.528229,41143.92969,1.000435,2772.055664
17-03-22,391.824738,40951.37891,1.0005,2814.854492
18-03-22,397.645508,41801.15625,1.000483,2945.343018
19-03-22,399.853546,42190.65234,1.00051,2946.25708
20-03-22,390.768372,41247.82422,1.000427,2860.459229
21-03-22,396.447815,41077.99609,1.000347,2897.976563
22-03-22,404.314941,42358.80859,1.000337,2973.131104
23-03-22,408.609772,42892.95703,1.000409,3031.067139
24-03-22,414.126984,43960.93359,1.0006,3108.062012
25-03-22,410.811157,44348.73047,1.000406,3106.671387
26-03-22,415.9198,44500.82813,1.000361,3143.178955
27-03-22,430.503265,46820.49219,1.000376,3291.577637
28-03-22,430.390869,47128.00391,1.000412,3336.634521
29-03-22,434.505676,47465.73047,1.00045,3401.987793
30-03-22,442.684845,47062.66406,1.000278,3385.157959
31-03-22,428.916107,45538.67578,1.000304,3281.642822
01-04-22,446.604279,46281.64453,1.000358,3449.552246
02-04-22,436.955353,45868.94922,1.000344,3445.059326
03-04-22,450.348877,46453.56641,1.000273,3522.833496
04-04-22,447.524933,46622.67578,1.000228,3521.241211
05-04-22,445.172607,45555.99219,1.000194,3411.79248
06-04-22,420.146362,43206.73828,1.000155,3171.691895
07-04-22,436.796783,43503.84766,1.000262,3233.274658
08-04-22,421.677246,42287.66406,1.000288,3192.073975
09-04-22,427.153046,42782.13672,1.000372,3261.91626
10-04-22,418.590668,42207.67188,1.000292,3211.866943
11-04-22,394.086884,39521.90234,1.000348,2981.052246
12-04-22,413.873932,40127.18359,1.000435,3030.376465
13-04-22,423.130157,41166.73047,1.000275,3118.344238
14-04-22,414.663727,39935.51563,1.000127,3019.909424
15-04-22,417.293732,40553.46484,1.000239,3040.916504
16-04-22,417.478455,40424.48438,1.000296,3062.310303
17-04-22,407.377716,39716.95313,1.000314,2993.40332
18-04-22,416.968414,40826.21484,1.000218,3057.606689
19-04-22,422.387054,41502.75,1.000343,3104.106445
20-04-22,418.354248,41374.37891,1.000202,3077.74585
21-04-22,405.021454,40527.36328,1.000157,2987.480713
22-04-22,406.987518,39740.32031,1.000234,2964.835693
23-04-22,401.652466,39486.73047,1.000228,2938.114014
24-04-22,399.105377,39469.29297,1.000344,2922.732666
25-04-22,404.350281,40458.30859,1.000145,3009.393555
26-04-22,385.483063,38117.46094,1.000073,2808.29834
27-04-22,391.445831,39241.12109,1.000153,2888.929688
28-04-22,406.718201,39773.82813,1.000191,2936.940918
29-04-22,393.062164,38609.82422,1.00002,2815.601807
30-04-22,377.767822,37714.875,1.000155,2730.186768
01-05-22,390.281982,38469.09375,1.000113,2827.756104
02-05-22,389.670654,38529.32813,0.999955,2857.4104
03-05-22,383.4758,37750.45313,1.000045,2783.476318
04-05-22,402.502655,39698.37109,1.000038,2940.644775
05-05-22,378.773621,36575.14063,0.999988,2749.213135
06-05-22,379.304291,36040.92188,0.999982,2694.979736
07-05-22,365.684113,35501.95313,0.999921,2636.093018
08-05-22,355.398743,34059.26563,0.999854,2517.459961
09-05-22,299.348938,30296.95313,0.999909,2245.43042
10-05-22,319.326965,31022.90625,0.999791,2343.510986
11-05-22,269.962769,28936.35547,0.995872,2072.108643
12-05-22,269.407257,29047.75195,0.997609,1961.701538
13-05-22,290.584198,29283.10352,0.998239,2014.418213
14-05-22,297.387604,30101.26563,0.99878,2056.273926
15-05-22,312.007721,31305.11328,0.999069,2145.706787
16-05-22,297.710114,29862.91797,0.998779,2022.725952
17-05-22,305.96344,30425.85742,0.998909,2090.40918
18-05-22,287.438782,28720.27148,0.998802,1916.656128
19-05-22,306.791565,30314.33398,0.998971,2018.336182
20-05-22,302.359222,29200.74023,0.998818,1961.315674
21-05-22,312.466034,29432.22656,0.998793,1974.518311
22-05-22,319.609009,30323.72266,0.999066,2043.170166
23-05-22,316.760559,29098.91016,0.999088,1972.181885
24-05-22,328.189331,29655.58594,0.999107,1978.982788
25-05-22,325.734802,29562.36133,0.998976,1944.827881
26-05-22,304.963928,29267.22461,0.998907,1803.91333
27-05-22,300.972046,28627.57422,0.998863,1724.922852
28-05-22,307.81543,28814.90039,0.999002,1757.941772
29-05-22,305.975067,29445.95703,0.999178,1812.031006
30-05-22,321.752899,31726.39063,0.999376,1996.441284
31-05-22,320.485107,31792.31055,0.999388,1942.328003
01-06-22,300.504059,29799.08008,0.99926,1823.569336
02-06-22,308.101776,30467.48828,0.999317,1834.150513
03-06-22,298.397888,29704.39063,0.99917,1775.078613
04-06-22,301.631134,29832.91406,0.999313,1801.609497
05-06-22,298.934723,29906.66211,0.999296,1805.204956
06-06-22,295.396027,31370.67188,0.999311,1859.289673
07-06-22,290.341125,31155.47852,0.999414,1814.04834
08-06-22,288.616089,30214.35547,0.999262,1793.572266
09-06-22,289.919647,30111.99805,0.999314,1789.82605
10-06-22,286.046692,29083.80469,0.99918,1665.042236
11-06-22,269.487,28360.81055,0.999025,1529.663452
12-06-22,255.950882,26762.64844,0.99908,1445.216553
13-06-22,222.505783,22487.38867,0.998594,1204.582764
14-06-22,223.221252,22206.79297,0.998954,1211.662842
15-06-22,233.396713,22572.83984,0.998942,1233.206421
16-06-22,209.538742,20381.65039,0.99893,1067.730713
17-06-22,215.8918,20471.48242,0.999036,1086.519287
18-06-22,197.042999,19017.64258,0.998667,993.63678
19-06-22,214.920532,20553.27148,0.998969,1127.656494
20-06-22,216.934265,20599.53711,0.998957,1127.642456
21-06-22,219.498627,20710.59766,0.999094,1124.824585
22-06-22,214.261917,19987.0293,0.999095,1051.421875
23-06-22,228.953751,21085.87695,0.99928,1143.386719
24-06-22,240.238312,21231.65625,0.999325,1226.844727
25-06-22,239.690659,21502.33789,0.999548,1243.446899
26-06-22,233.858749,21027.29492,0.999398,1199.831665
27-06-22,233.654022,20735.47852,0.999092,1193.680664
28-06-22,226.927338,20280.63477,0.998832,1144.579224
29-06-22,219.28447,20104.02344,0.998884,1098.943848
30-06-22,219.300095,19784.72656,0.998819,1067.298828
01-07-22,216.015457,19269.36719,0.998867,1059.767334
02-07-22,218.035233,19242.25586,0.99896,1066.512817
03-07-22,218.980316,19297.07617,0.999078,1073.766968
04-07-22,231.574127,20231.26172,0.999109,1151.059082
05-07-22,230.846359,20190.11523,0.999092,1134.541016
06-07-22,238.499939,20548.24609,0.999098,1186.973999
07-07-22,241.54451,21637.58789,0.999446,1237.593384
08-07-22,240.750717,21731.11719,0.999418,1222.506226
09-07-22,243.241074,21592.20703,0.999538,1216.978271
10-07-22,234.655579,20860.44922,0.999465,1168.401611
11-07-22,225.858505,19970.55664,0.999225,1097.236572
12-07-22,220.464554,19323.91406,0.999343,1038.19165
13-07-22,230.524765,20212.07422,0.999384,1113.587158
14-07-22,238.164474,20569.91992,0.999407,1191.526245
15-07-22,238.57399,20836.32813,0.999706,1233.12915
16-07-22,249.593872,21190.31641,0.999774,1352.626465
17-07-22,247.84848,20779.34375,0.999734,1338.635742
18-07-22,264.886047,22485.68945,0.999777,1578.717896
19-07-22,268.817322,23389.43359,1.000092,1542.97522
20-07-22,258.338806,23231.73242,1.000068,1520.200684
21-07-22,265.462555,23164.62891,1.00008,1576.749512
22-07-22,262.877441,22714.97852,1.000052,1537.405151
23-07-22,259.463013,22465.47852,1.000036,1549.297485
24-07-22,261.864868,22609.16406,1.000035,1599.476685
25-07-22,245.148499,21361.70117,1.000062,1445.383423
26-07-22,248.958374,21239.75391,1.000047,1441.806763
27-07-22,271.504364,22930.54883,1.000274,1636.232666
28-07-22,277.293915,23843.88672,1.0002,1725.46814
29-07-22,293.953339,23804.63281,1.000311,1727.406982
30-07-22,287.536133,23656.20703,1.000289,1695.969482
31-07-22,283.579468,23336.89648,1.000328,1681.517334
01-08-22,283.53949,23314.19922,1.000204,1635.195801
02-08-22,283.820984,22978.11719,1.000159,1632.945435
03-08-22,298.356781,22846.50781,1.000204,1618.874512
04-08-22,310.706055,22858.42383,1.000133,1608.205811
05-08-22,315.19,23289.31,1,1732.25
06-08-22,315.07,22961.28,1.0001,1691.66
07-08-22,322.92,23175.89,1.0001,1699.35
08-08-22,324.8,23809.49,1.0002,1775.52
09-08-22,324.91,23164.32,1.0002,1703.03
10-08-22,328.47,23947.64,1.0003,1851.74
11-08-22,326.37,24334.78,1.0004,1889.66
12-08-22,327.51,24402.82,1.0003,1957.25
13-08-22,323.87,24424.07,1.0004,1981.34
14-08-22,317.99,24319.33,1.0003,1936.8
15-08-22,319.89,24136.97,1.0002,1904.23
16-08-22,316.42,23883.29,1.0001,1878.14
17-08-22,306.64,23336,1.0001,1833
18-08-22,298.14,23212.74,1,1847.01
19-08-22,279.72,20877.55,1.0001,1612.99
20-08-22,283.69,21166.06,1,1577
21-08-22,302.06,21534.12,1,1619.32
22-08-22,300.56,21398.91,1,1622.51
23-08-22,299.03,21528.09,1,1662.77
24-08-22,296.45,21395.02,1,1657.06
25-08-22,301.58,21600.9,1.0001,1696.46
26-08-22,279.6,20260.02,1,1507.78
27-08-22,277.3,20029.79,1,1470.76
